2017/08/31,南區,綜合一館,空大MP動力,外租,255.87
2017/08/30,南區,綜合一館,空大MP動力,外租,252.7
2017/08/29,南區,綜合一館,空大MP動力,外租,315.39
2017/08/28,南區,綜合一館,空大MP動力,外租,278.64
2017/08/27,南區,綜合一館,空大MP動力,外租,157.92
2017/08/26,南區,綜合一館,空大MP動力,外租,210.27
2017/08/25,南區,綜合一館,空大MP動力,外租,268.14
2017/08/24,南區,綜合一館,空大MP動力,外租,212.53
2017/08/23,南區,綜合一館,空大MP動力,外租,219.82
2017/08/22,南區,綜合一館,空大MP動力,外租,194.27
2017/08/21,南區,綜合一館,空大MP動力,外租,295.26
2017/08/20,南區,綜合一館,空大MP動力,外租,179.07
2017/08/19,南區,綜合一館,空大MP動力,外租,257.9
2017/08/18,南區,綜合一館,空大MP動力,外租,319.53
2017/08/17,南區,綜合一館,空大MP動力,外租,323.57
2017/08/16,南區,綜合一館,空大MP動力,外租,328.22
2017/08/15,南區,綜合一館,空大MP動力,外租,301.76
2017/08/14,南區,綜合一館,空大MP動力,外租,315.35
2017/08/13,南區,綜合一館,空大MP動力,外租,164.8
2017/08/12,南區,綜合一館,空大MP動力,外租,83.88
2017/08/11,南區,綜合一館,空大MP動力,外租,231.75
2017/08/10,南區,綜合一館,空大MP動力,外租,196.59
2017/08/09,南區,綜合一館,空大MP動力,外租,247.69
2017/08/08,南區,綜合一館,空大MP動力,外租,230.76
2017/08/07,南區,綜合一館,空大MP動力,外租,186.95
2017/08/06,南區,綜合一館,空大MP動力,外租,120.05
2017/08/05,南區,綜合一館,空大MP動力,外租,193.87
2017/08/04,南區,綜合一館,空大MP動力,外租,254.11
2017/08/03,南區,綜合一館,空大MP動力,外租,245.16
2017/08/02,南區,綜合一館,空大MP動力,外租,171.11
2017/08/01,南區,綜合一館,空大MP動力,外租,245
2017/07/31,南區,綜合一館,空大MP動力,外租,251.88
2017/07/30,南區,綜合一館,空大MP動力,外租,94.76
2017/07/29,南區,綜合一館,空大MP動力,外租,145.89
2017/07/28,南區,綜合一館,空大MP動力,外租,562.79
2017/07/27,南區,綜合一館,空大MP動力,外租,559.02
2017/07/26,南區,綜合一館,空大MP動力,外租,378.42
2017/07/25,南區,綜合一館,空大MP動力,外租,444.92
2017/07/24,南區,綜合一館,空大MP動力,外租,539.89
2017/07/23,南區,綜合一館,空大MP動力,外租,396.15
2017/07/22,南區,綜合一館,空大MP動力,外租,447.25
2017/07/21,南區,綜合一館,空大MP動力,外租,600.9
2017/07/20,南區,綜合一館,空大MP動力,外租,398.45
2017/07/19,南區,綜合一館,空大MP動力,外租,444.72
2017/07/18,南區,綜合一館,空大MP動力,外租,422.59
2017/07/17,南區,綜合一館,空大MP動力,外租,401.01
2017/07/16,南區,綜合一館,空大MP動力,外租,103.43
2017/07/15,南區,綜合一館,空大MP動力,外租,97.39
2017/07/14,南區,綜合一館,空大MP動力,外租,213.13
2017/07/13,南區,綜合一館,空大MP動力,外租,219.35
2017/07/12,南區,綜合一館,空大MP動力,外租,204.98
2017/07/11,南區,綜合一館,空大MP動力,外租,214.38
2017/07/10,南區,綜合一館,空大MP動力,外租,229.3
2017/07/09,南區,綜合一館,空大MP動力,外租,194.04
2017/07/08,南區,綜合一館,空大MP動力,外租,225.04
2017/07/07,南區,綜合一館,空大MP動力,外租,228.23
2017/07/06,南區,綜合一館,空大MP動力,外租,248.85
2017/07/05,南區,綜合一館,空大MP動力,外租,198.8
2017/07/04,南區,綜合一館,空大MP動力,外租,268.5
2017/07/03,南區,綜合一館,空大MP動力,外租,279.21
2017/07/02,南區,綜合一館,空大MP動力,外租,221.55
2017/07/01,南區,綜合一館,空大MP動力,外租,227.63
2017/06/30,南區,綜合一館,空大MP動力,外租,227.27
2017/06/29,南區,綜合一館,空大MP動力,外租,223.72
2017/06/28,南區,綜合一館,空大MP動力,外租,219.16
2017/06/27,南區,綜合一館,空大MP動力,外租,242.33
2017/06/26,南區,綜合一館,空大MP動力,外租,212.82
2017/06/25,南區,綜合一館,空大MP動力,外租,540.98
2017/06/24,南區,綜合一館,空大MP動力,外租,485.73
2017/06/23,南區,綜合一館,空大MP動力,外租,209.7
2017/06/22,南區,綜合一館,空大MP動力,外租,225.01
2017/06/21,南區,綜合一館,空大MP動力,外租,175.04
2017/06/20,南區,綜合一館,空大MP動力,外租,178.17
2017/06/19,南區,綜合一館,空大MP動力,外租,151.9
2017/06/18,南區,綜合一館,空大MP動力,外租,94.04
2017/06/17,南區,綜合一館,空大MP動力,外租,119.78
2017/06/16,南區,綜合一館,空大MP動力,外租,149.22
2017/06/15,南區,綜合一館,空大MP動力,外租,204.86
2017/06/14,南區,綜合一館,空大MP動力,外租,307.32
2017/06/13,南區,綜合一館,空大MP動力,外租,358.67
2017/06/12,南區,綜合一館,空大MP動力,外租,366.43
2017/06/11,南區,綜合一館,空大MP動力,外租,347.72
2017/06/10,南區,綜合一館,空大MP動力,外租,349.73
2017/06/09,南區,綜合一館,空大MP動力,外租,229.52
2017/06/08,南區,綜合一館,空大MP動力,外租,346.29
2017/06/07,南區,綜合一館,空大MP動力,外租,314.69
2017/06/06,南區,綜合一館,空大MP動力,外租,344.49
2017/06/05,南區,綜合一館,空大MP動力,外租,291.54
2017/06/04,南區,綜合一館,空大MP動力,外租,222
2017/06/03,南區,綜合一館,空大MP動力,外租,105.61
2017/06/02,南區,綜合一館,空大MP動力,外租,138.31
2017/06/01,南區,綜合一館,空大MP動力,外租,308.44
2017/05/31,南區,綜合一館,空大MP動力,外租,235.69
2017/05/30,南區,綜合一館,空大MP動力,外租,10270.71
2017/05/29,南區,綜合一館,空大MP動力,外租,80.09
2017/05/28,南區,綜合一館,空大MP動力,外租,84.83
2017/05/27,南區,綜合一館,空大MP動力,外租,84.73
2017/05/26,南區,綜合一館,空大MP動力,外租,107.59
2017/05/25,南區,綜合一館,空大MP動力,外租,199
2017/05/24,南區,綜合一館,空大MP動力,外租,343.34
2017/05/23,南區,綜合一館,空大MP動力,外租,276.44
2017/05/22,南區,綜合一館,空大MP動力,外租,292.07
2017/05/21,南區,綜合一館,空大MP動力,外租,156.55
2017/05/20,南區,綜合一館,空大MP動力,外租,116.97
2017/05/19,南區,綜合一館,空大MP動力,外租,143.3
2017/05/18,南區,綜合一館,空大MP動力,外租,219.67
2017/05/17,南區,綜合一館,空大MP動力,外租,205.1
2017/05/16,南區,綜合一館,空大MP動力,外租,232.06
2017/05/15,南區,綜合一館,空大MP動力,外租,344.27
2017/05/14,南區,綜合一館,空大MP動力,外租,288.43
2017/05/13,南區,綜合一館,空大MP動力,外租,241.2
2017/05/12,南區,綜合一館,空大MP動力,外租,218.74
2017/05/11,南區,綜合一館,空大MP動力,外租,298.38
2017/05/10,南區,綜合一館,空大MP動力,外租,239.47
2017/05/09,南區,綜合一館,空大MP動力,外租,235.14
2017/05/08,南區,綜合一館,空大MP動力,外租,219.31
2017/05/07,南區,綜合一館,空大MP動力,外租,95.25
2017/05/06,南區,綜合一館,空大MP動力,外租,117.22
2017/05/05,南區,綜合一館,空大MP動力,外租,172.2
2017/05/04,南區,綜合一館,空大MP動力,外租,307.31
2017/05/03,南區,綜合一館,空大MP動力,外租,201.07
2017/05/02,南區,綜合一館,空大MP動力,外租,203.55
2017/05/01,南區,綜合一館,空大MP動力,外租,132.14
2017/04/30,南區,綜合一館,空大MP動力,外租,79.42
2017/04/29,南區,綜合一館,空大MP動力,外租,81.11
2017/04/28,南區,綜合一館,空大MP動力,外租,85.62
2017/04/27,南區,綜合一館,空大MP動力,外租,114.69
2017/04/26,南區,綜合一館,空大MP動力,外租,171.48
2017/04/25,南區,綜合一館,空大MP動力,外租,147.93
2017/04/24,南區,綜合一館,空大MP動力,外租,146.99
2017/04/23,南區,綜合一館,空大MP動力,外租,82.24
2017/04/22,南區,綜合一館,空大MP動力,外租,84.18
2017/04/21,南區,綜合一館,空大MP動力,外租,195.47
2017/04/20,南區,綜合一館,空大MP動力,外租,197.71
2017/04/19,南區,綜合一館,空大MP動力,外租,219.51
2017/04/18,南區,綜合一館,空大MP動力,外租,224.26
2017/04/17,南區,綜合一館,空大MP動力,外租,238.54
2017/04/16,南區,綜合一館,空大MP動力,外租,127.96
2017/04/15,南區,綜合一館,空大MP動力,外租,151.51
2017/04/14,南區,綜合一館,空大MP動力,外租,96.87
2017/04/13,南區,綜合一館,空大MP動力,外租,112.94
2017/04/12,南區,綜合一館,空大MP動力,外租,135.15
2017/04/11,南區,綜合一館,空大MP動力,外租,142.75
2017/04/10,南區,綜合一館,空大MP動力,外租,241.34
2017/04/09,南區,綜合一館,空大MP動力,外租,82.72
2017/04/08,南區,綜合一館,空大MP動力,外租,119.97
2017/04/07,南區,綜合一館,空大MP動力,外租,111.45
2017/04/06,南區,綜合一館,空大MP動力,外租,121.15
2017/04/05,南區,綜合一館,空大MP動力,外租,88.67
2017/04/04,南區,綜合一館,空大MP動力,外租,77.35
2017/04/03,南區,綜合一館,空大MP動力,外租,78
2017/04/02,南區,綜合一館,空大MP動力,外租,78.3
2017/04/01,南區,綜合一館,空大MP動力,外租,78.9
2017/03/31,南區,綜合一館,空大MP動力,外租,89.19
2017/03/30,南區,綜合一館,空大MP動力,外租,107.57
2017/03/29,南區,綜合一館,空大MP動力,外租,84.74
2017/03/28,南區,綜合一館,空大MP動力,外租,105.42
2017/03/27,南區,綜合一館,空大MP動力,外租,28.88
2017/03/26,南區,綜合一館,空大MP動力,外租,0
2017/03/25,南區,綜合一館,空大MP動力,外租,0
2017/03/24,南區,綜合一館,空大MP動力,外租,0
2017/03/23,南區,綜合一館,空大MP動力,外租,0
2017/03/22,南區,綜合一館,空大MP動力,外租,0
2017/03/21,南區,綜合一館,空大MP動力,外租,0
2017/03/20,南區,綜合一館,空大MP動力,外租,0
2017/03/19,南區,綜合一館,空大MP動力,外租,0
2017/03/18,南區,綜合一館,空大MP動力,外租,0
2017/03/17,南區,綜合一館,空大MP動力,外租,0
2017/03/16,南區,綜合一館,空大MP動力,外租,0
2017/03/15,南區,綜合一館,空大MP動力,外租,0
2017/03/14,南區,綜合一館,空大MP動力,外租,0
2017/03/13,南區,綜合一館,空大MP動力,外租,0
2017/03/12,南區,綜合一館,空大MP動力,外租,0
2017/03/11,南區,綜合一館,空大MP動力,外租,0
2017/03/10,南區,綜合一館,空大MP動力,外租,0
2017/03/09,南區,綜合一館,空大MP動力,外租,0
2017/03/08,南區,綜合一館,空大MP動力,外租,0
2017/03/07,南區,綜合一館,空大MP動力,外租,0
2017/03/06,南區,綜合一館,空大MP動力,外租,0
2017/03/05,南區,綜合一館,空大MP動力,外租,0
2017/03/04,南區,綜合一館,空大MP動力,外租,0
2017/03/03,南區,綜合一館,空大MP動力,外租,0
2017/03/02,南區,綜合一館,空大MP動力,外租,0
2017/03/01,南區,綜合一館,空大MP動力,外租,0
2017/02/28,南區,綜合一館,空大MP動力,外租,0
2017/02/27,南區,綜合一館,空大MP動力,外租,0
2017/02/26,南區,綜合一館,空大MP動力,外租,0
2017/02/25,南區,綜合一館,空大MP動力,外租,0
2017/02/24,南區,綜合一館,空大MP動力,外租,0
2017/02/23,南區,綜合一館,空大MP動力,外租,0
2017/02/22,南區,綜合一館,空大MP動力,外租,0
2017/02/21,南區,綜合一館,空大MP動力,外租,0
2017/02/20,南區,綜合一館,空大MP動力,外租,0
2017/02/19,南區,綜合一館,空大MP動力,外租,0
2017/02/18,南區,綜合一館,空大MP動力,外租,0
2017/02/17,南區,綜合一館,空大MP動力,外租,0
2017/02/16,南區,綜合一館,空大MP動力,外租,0
2017/02/15,南區,綜合一館,空大MP動力,外租,0
2017/02/14,南區,綜合一館,空大MP動力,外租,0
2017/02/13,南區,綜合一館,空大MP動力,外租,0
2017/02/12,南區,綜合一館,空大MP動力,外租,0
2017/02/11,南區,綜合一館,空大MP動力,外租,0
2017/02/10,南區,綜合一館,空大MP動力,外租,0
2017/02/09,南區,綜合一館,空大MP動力,外租,0
2017/02/08,南區,綜合一館,空大MP動力,外租,0
2017/02/07,南區,綜合一館,空大MP動力,外租,0
2017/02/06,南區,綜合一館,空大MP動力,外租,0
2017/02/05,南區,綜合一館,空大MP動力,外租,0
2017/02/04,南區,綜合一館,空大MP動力,外租,0
2017/02/03,南區,綜合一館,空大MP動力,外租,0
2017/02/02,南區,綜合一館,空大MP動力,外租,0
2017/02/01,南區,綜合一館,空大MP動力,外租,0
2017/01/31,南區,綜合一館,空大MP動力,外租,0
2017/01/30,南區,綜合一館,空大MP動力,外租,0
2017/01/29,南區,綜合一館,空大MP動力,外租,0
2017/01/28,南區,綜合一館,空大MP動力,外租,0
2017/01/27,南區,綜合一館,空大MP動力,外租,0
2017/01/26,南區,綜合一館,空大MP動力,外租,0
2017/01/25,南區,綜合一館,空大MP動力,外租,0
2017/01/24,南區,綜合一館,空大MP動力,外租,0
2017/01/23,南區,綜合一館,空大MP動力,外租,0
2017/01/22,南區,綜合一館,空大MP動力,外租,0
2017/01/21,南區,綜合一館,空大MP動力,外租,0
2017/01/20,南區,綜合一館,空大MP動力,外租,54.82
2017/01/19,南區,綜合一館,空大MP動力,外租,98.91
2017/01/18,南區,綜合一館,空大MP動力,外租,129.13
2017/01/17,南區,綜合一館,空大MP動力,外租,96.99
2017/01/16,南區,綜合一館,空大MP動力,外租,101.64
2017/01/15,南區,綜合一館,空大MP動力,外租,83.74
2017/01/14,南區,綜合一館,空大MP動力,外租,84.2
2017/01/13,南區,綜合一館,空大MP動力,外租,91.56
2017/01/12,南區,綜合一館,空大MP動力,外租,97.63
2017/01/11,南區,綜合一館,空大MP動力,外租,171.89
2017/01/10,南區,綜合一館,空大MP動力,外租,105.25
2017/01/09,南區,綜合一館,空大MP動力,外租,102.9
2017/01/08,南區,綜合一館,空大MP動力,外租,98.4
2017/01/07,南區,綜合一館,空大MP動力,外租,88
2017/01/06,南區,綜合一館,空大MP動力,外租,90.08
2017/01/05,南區,綜合一館,空大MP動力,外租,113
2017/01/04,南區,綜合一館,空大MP動力,外租,162.42
2017/01/03,南區,綜合一館,空大MP動力,外租,136.69
2017/01/02,南區,綜合一館,空大MP動力,外租,87.04
2017/01/01,南區,綜合一館,空大MP動力,外租,86.4
2016/12/31,南區,綜合一館,空大MP動力,外租,84.3
2016/12/30,南區,綜合一館,空大MP動力,外租,92.62
2016/12/29,南區,綜合一館,空大MP動力,外租,112.68
2016/12/28,南區,綜合一館,空大MP動力,外租,139.76
2016/12/27,南區,綜合一館,空大MP動力,外租,125.19
2016/12/26,南區,綜合一館,空大MP動力,外租,151.04
2016/12/25,南區,綜合一館,空大MP動力,外租,110.54
2016/12/24,南區,綜合一館,空大MP動力,外租,96.6
2016/12/23,南區,綜合一館,空大MP動力,外租,107.58
2016/12/22,南區,綜合一館,空大MP動力,外租,138.58
2016/12/21,南區,綜合一館,空大MP動力,外租,218.41
2016/12/20,南區,綜合一館,空大MP動力,外租,152.46
2016/12/19,南區,綜合一館,空大MP動力,外租,142.64
2016/12/18,南區,綜合一館,空大MP動力,外租,86.7
2016/12/17,南區,綜合一館,空大MP動力,外租,91.16
2016/12/16,南區,綜合一館,空大MP動力,外租,87.8
2016/12/15,南區,綜合一館,空大MP動力,外租,102.18
2016/12/14,南區,綜合一館,空大MP動力,外租,175.91
2016/12/13,南區,綜合一館,空大MP動力,外租,159.44
2016/12/12,南區,綜合一館,空大MP動力,外租,149.13
2016/12/11,南區,綜合一館,空大MP動力,外租,90.43
2016/12/10,南區,綜合一館,空大MP動力,外租,103.57
2016/12/09,南區,綜合一館,空大MP動力,外租,97.6
2016/12/08,南區,綜合一館,空大MP動力,外租,99.65
2016/12/07,南區,綜合一館,空大MP動力,外租,139.68
2016/12/06,南區,綜合一館,空大MP動力,外租,164.43
2016/12/05,南區,綜合一館,空大MP動力,外租,165.82
2016/12/04,南區,綜合一館,空大MP動力,外租,97.59
2016/12/03,南區,綜合一館,空大MP動力,外租,97.87
2016/12/02,南區,綜合一館,空大MP動力,外租,98.88
2016/12/01,南區,綜合一館,空大MP動力,外租,113.54
2016/11/30,南區,綜合一館,空大MP動力,外租,233.75
2016/11/29,南區,綜合一館,空大MP動力,外租,134.75
2016/11/28,南區,綜合一館,空大MP動力,外租,140.12
2016/11/27,南區,綜合一館,空大MP動力,外租,170.71
2016/11/26,南區,綜合一館,空大MP動力,外租,197.39
2016/11/25,南區,綜合一館,空大MP動力,外租,181.82
2016/11/24,南區,綜合一館,空大MP動力,外租,119.48
2016/11/23,南區,綜合一館,空大MP動力,外租,214.98
2016/11/22,南區,綜合一館,空大MP動力,外租,217.03
2016/11/21,南區,綜合一館,空大MP動力,外租,214.73
2016/11/20,南區,綜合一館,空大MP動力,外租,106.09
2016/11/19,南區,綜合一館,空大MP動力,外租,127.9
2016/11/18,南區,綜合一館,空大MP動力,外租,137.62
2016/11/17,南區,綜合一館,空大MP動力,外租,184.48
2016/11/16,南區,綜合一館,空大MP動力,外租,273.2
2016/11/15,南區,綜合一館,空大MP動力,外租,213.8
2016/11/14,南區,綜合一館,空大MP動力,外租,212.51
2016/11/13,南區,綜合一館,空大MP動力,外租,175.16
2016/11/12,南區,綜合一館,空大MP動力,外租,213.35
2016/11/11,南區,綜合一館,空大MP動力,外租,101.82
2016/11/10,南區,綜合一館,空大MP動力,外租,132.5
2016/11/09,南區,綜合一館,空大MP動力,外租,196.71
2016/11/08,南區,綜合一館,空大MP動力,外租,257.37
2016/11/07,南區,綜合一館,空大MP動力,外租,216.26
2016/11/06,南區,綜合一館,空大MP動力,外租,112.79
2016/11/05,南區,綜合一館,空大MP動力,外租,124.23
2016/11/04,南區,綜合一館,空大MP動力,外租,119.63
2016/11/03,南區,綜合一館,空大MP動力,外租,139
2016/11/02,南區,綜合一館,空大MP動力,外租,228.76
2016/11/01,南區,綜合一館,空大MP動力,外租,192.19
2016/10/31,南區,綜合一館,空大MP動力,外租,217.14
2016/10/30,南區,綜合一館,空大MP動力,外租,274.34
2016/10/29,南區,綜合一館,空大MP動力,外租,399.23
2016/10/28,南區,綜合一館,空大MP動力,外租,275.32
2016/10/27,南區,綜合一館,空大MP動力,外租,317.35
2016/10/26,南區,綜合一館,空大MP動力,外租,440.12
2016/10/25,南區,綜合一館,空大MP動力,外租,307.35
2016/10/24,南區,綜合一館,空大MP動力,外租,351.66
2016/10/23,南區,綜合一館,空大MP動力,外租,143.75
2016/10/22,南區,綜合一館,空大MP動力,外租,193.5
2016/10/21,南區,綜合一館,空大MP動力,外租,216.38
2016/10/20,南區,綜合一館,空大MP動力,外租,269.24
2016/10/19,南區,綜合一館,空大MP動力,外租,423.84
2016/10/18,南區,綜合一館,空大MP動力,外租,341.8
2016/10/17,南區,綜合一館,空大MP動力,外租,345.02
2016/10/16,南區,綜合一館,空大MP動力,外租,373.62
2016/10/15,南區,綜合一館,空大MP動力,外租,417.57
2016/10/14,南區,綜合一館,空大MP動力,外租,209
2016/10/13,南區,綜合一館,空大MP動力,外租,215.98
2016/10/12,南區,綜合一館,空大MP動力,外租,310.52
2016/10/11,南區,綜合一館,空大MP動力,外租,362.56
2016/10/10,南區,綜合一館,空大MP動力,外租,102.45
2016/10/09,南區,綜合一館,空大MP動力,外租,96.43
2016/10/08,南區,綜合一館,空大MP動力,外租,111.69
2016/10/07,南區,綜合一館,空大MP動力,外租,49047.06
2016/10/06,南區,綜合一館,空大MP動力,外租,331.25
2016/10/05,南區,綜合一館,空大MP動力,外租,467.79
2016/10/04,南區,綜合一館,空大MP動力,外租,354.85
2016/10/03,南區,綜合一館,空大MP動力,外租,367.89
2016/10/02,南區,綜合一館,空大MP動力,外租,96.93
2016/10/01,南區,綜合一館,空大MP動力,外租,171.09
2016/09/30,南區,綜合一館,空大MP動力,外租,222.96
2016/09/29,南區,綜合一館,空大MP動力,外租,324.89
2016/09/28,南區,綜合一館,空大MP動力,外租,111.9
2016/09/27,南區,綜合一館,空大MP動力,外租,97.27
2016/09/26,南區,綜合一館,空大MP動力,外租,372.16
2016/09/25,南區,綜合一館,空大MP動力,外租,303.43
2016/09/24,南區,綜合一館,空大MP動力,外租,257.4
2016/09/23,南區,綜合一館,空大MP動力,外租,289.83
2016/09/22,南區,綜合一館,空大MP動力,外租,334.38
2016/09/21,南區,綜合一館,空大MP動力,外租,463.38
2016/09/20,南區,綜合一館,空大MP動力,外租,336.13
2016/09/19,南區,綜合一館,空大MP動力,外租,308.81
2016/09/18,南區,綜合一館,空大MP動力,外租,112.72
2016/09/17,南區,綜合一館,空大MP動力,外租,116.45
2016/09/16,南區,綜合一館,空大MP動力,外租,99.5
2016/09/15,南區,綜合一館,空大MP動力,外租,100.29
2016/09/14,南區,綜合一館,空大MP動力,外租,313.9
2016/09/13,南區,綜合一館,空大MP動力,外租,376.63
2016/09/12,南區,綜合一館,空大MP動力,外租,302.54
2016/09/11,南區,綜合一館,空大MP動力,外租,238.58
2016/09/10,南區,綜合一館,空大MP動力,外租,167.05
2016/09/09,南區,綜合一館,空大MP動力,外租,195.08
2016/09/08,南區,綜合一館,空大MP動力,外租,193.89
2016/09/07,南區,綜合一館,空大MP動力,外租,216.35
2016/09/06,南區,綜合一館,空大MP動力,外租,212.83
2016/09/05,南區,綜合一館,空大MP動力,外租,233.38
2016/09/04,南區,綜合一館,空大MP動力,外租,536.55
2016/09/03,南區,綜合一館,空大MP動力,外租,420.93
2016/09/02,南區,綜合一館,空大MP動力,外租,284.96
2016/09/01,南區,綜合一館,空大MP動力,外租,193.91
2017/08/31,南區,綜合一館,空大ML燈力,外租,148.66
2017/08/30,南區,綜合一館,空大ML燈力,外租,158.34
2017/08/29,南區,綜合一館,空大ML燈力,外租,149.81
2017/08/28,南區,綜合一館,空大ML燈力,外租,147.29
2017/08/27,南區,綜合一館,空大ML燈力,外租,100.53
2017/08/26,南區,綜合一館,空大ML燈力,外租,104.47
2017/08/25,南區,綜合一館,空大ML燈力,外租,131.59
2017/08/24,南區,綜合一館,空大ML燈力,外租,139.83
2017/08/23,南區,綜合一館,空大ML燈力,外租,135.65
2017/08/22,南區,綜合一館,空大ML燈力,外租,136.27
2017/08/21,南區,綜合一館,空大ML燈力,外租,145.24
2017/08/20,南區,綜合一館,空大ML燈力,外租,115.03
2017/08/19,南區,綜合一館,空大ML燈力,外租,131.55
2017/08/18,南區,綜合一館,空大ML燈力,外租,159.03
2017/08/17,南區,綜合一館,空大ML燈力,外租,159.94
2017/08/16,南區,綜合一館,空大ML燈力,外租,152.88
2017/08/15,南區,綜合一館,空大ML燈力,外租,140.34
2017/08/14,南區,綜合一館,空大ML燈力,外租,136.84
2017/08/13,南區,綜合一館,空大ML燈力,外租,90.69
2017/08/12,南區,綜合一館,空大ML燈力,外租,84.4
2017/08/11,南區,綜合一館,空大ML燈力,外租,117.28
2017/08/10,南區,綜合一館,空大ML燈力,外租,111.12
2017/08/09,南區,綜合一館,空大ML燈力,外租,133.87
2017/08/08,南區,綜合一館,空大ML燈力,外租,135.11
2017/08/07,南區,綜合一館,空大ML燈力,外租,129.18
2017/08/06,南區,綜合一館,空大ML燈力,外租,101.79
2017/08/05,南區,綜合一館,空大ML燈力,外租,120.69
2017/08/04,南區,綜合一館,空大ML燈力,外租,135.97
2017/08/03,南區,綜合一館,空大ML燈力,外租,139.05
2017/08/02,南區,綜合一館,空大ML燈力,外租,122.24
2017/08/01,南區,綜合一館,空大ML燈力,外租,134.32
2017/07/31,南區,綜合一館,空大ML燈力,外租,140.41
2017/07/30,南區,綜合一館,空大ML燈力,外租,90.02
2017/07/29,南區,綜合一館,空大ML燈力,外租,95.6
2017/07/28,南區,綜合一館,空大ML燈力,外租,187.98
2017/07/27,南區,綜合一館,空大ML燈力,外租,200.53
2017/07/26,南區,綜合一館,空大ML燈力,外租,163.36
2017/07/25,南區,綜合一館,空大ML燈力,外租,191.38
2017/07/24,南區,綜合一館,空大ML燈力,外租,199.56
2017/07/23,南區,綜合一館,空大ML燈力,外租,114.88
2017/07/22,南區,綜合一館,空大ML燈力,外租,128.49
2017/07/21,南區,綜合一館,空大ML燈力,外租,238.18
2017/07/20,南區,綜合一館,空大ML燈力,外租,177.68
2017/07/19,南區,綜合一館,空大ML燈力,外租,186.85
2017/07/18,南區,綜合一館,空大ML燈力,外租,179.65
2017/07/17,南區,綜合一館,空大ML燈力,外租,179.17
2017/07/16,南區,綜合一館,空大ML燈力,外租,103.53
2017/07/15,南區,綜合一館,空大ML燈力,外租,92.74
2017/07/14,南區,綜合一館,空大ML燈力,外租,129.92
2017/07/13,南區,綜合一館,空大ML燈力,外租,132.66
2017/07/12,南區,綜合一館,空大ML燈力,外租,132.51
2017/07/11,南區,綜合一館,空大ML燈力,外租,139.12
2017/07/10,南區,綜合一館,空大ML燈力,外租,137.24
2017/07/09,南區,綜合一館,空大ML燈力,外租,112.07
2017/07/08,南區,綜合一館,空大ML燈力,外租,134.7
2017/07/07,南區,綜合一館,空大ML燈力,外租,141.85
2017/07/06,南區,綜合一館,空大ML燈力,外租,145.93
2017/07/05,南區,綜合一館,空大ML燈力,外租,127.92
2017/07/04,南區,綜合一館,空大ML燈力,外租,143.7
2017/07/03,南區,綜合一館,空大ML燈力,外租,137.41
2017/07/02,南區,綜合一館,空大ML燈力,外租,106.31
2017/07/01,南區,綜合一館,空大ML燈力,外租,105.15
2017/06/30,南區,綜合一館,空大ML燈力,外租,132.57
2017/06/29,南區,綜合一館,空大ML燈力,外租,142.75
2017/06/28,南區,綜合一館,空大ML燈力,外租,141.47
2017/06/27,南區,綜合一館,空大ML燈力,外租,139.96
2017/06/26,南區,綜合一館,空大ML燈力,外租,131.4
2017/06/25,南區,綜合一館,空大ML燈力,外租,210
2017/06/24,南區,綜合一館,空大ML燈力,外租,189.76
2017/06/23,南區,綜合一館,空大ML燈力,外租,138.27
2017/06/22,南區,綜合一館,空大ML燈力,外租,166.3
2017/06/21,南區,綜合一館,空大ML燈力,外租,146.18
2017/06/20,南區,綜合一館,空大ML燈力,外租,148.67
2017/06/19,南區,綜合一館,空大ML燈力,外租,150.05
2017/06/18,南區,綜合一館,空大ML燈力,外租,110.08
2017/06/17,南區,綜合一館,空大ML燈力,外租,123.88
2017/06/16,南區,綜合一館,空大ML燈力,外租,146.94
2017/06/15,南區,綜合一館,空大ML燈力,外租,163.97
2017/06/14,南區,綜合一館,空大ML燈力,外租,193.29
2017/06/13,南區,綜合一館,空大ML燈力,外租,185.15
2017/06/12,南區,綜合一館,空大ML燈力,外租,163.91
2017/06/11,南區,綜合一館,空大ML燈力,外租,172.05
2017/06/10,南區,綜合一館,空大ML燈力,外租,160.45
2017/06/09,南區,綜合一館,空大ML燈力,外租,163.46
2017/06/08,南區,綜合一館,空大ML燈力,外租,182.71
2017/06/07,南區,綜合一館,空大ML燈力,外租,171.68
2017/06/06,南區,綜合一館,空大ML燈力,外租,198.87
2017/06/05,南區,綜合一館,空大ML燈力,外租,195.59
2017/06/04,南區,綜合一館,空大ML燈力,外租,168.88
2017/06/03,南區,綜合一館,空大ML燈力,外租,134.25
2017/06/02,南區,綜合一館,空大ML燈力,外租,148.98
2017/06/01,南區,綜合一館,空大ML燈力,外租,190.09
2017/05/31,南區,綜合一館,空大ML燈力,外租,167.49
2017/05/30,南區,綜合一館,空大ML燈力,外租,10251.31
2017/05/29,南區,綜合一館,空大ML燈力,外租,73.51
2017/05/28,南區,綜合一館,空大ML燈力,外租,76.62
2017/05/27,南區,綜合一館,空大ML燈力,外租,76.52
2017/05/26,南區,綜合一館,空大ML燈力,外租,139.73
2017/05/25,南區,綜合一館,空大ML燈力,外租,174.15
2017/05/24,南區,綜合一館,空大ML燈力,外租,203.16
2017/05/23,南區,綜合一館,空大ML燈力,外租,179.76
2017/05/22,南區,綜合一館,空大ML燈力,外租,205.81
2017/05/21,南區,綜合一館,空大ML燈力,外租,111.08
2017/05/20,南區,綜合一館,空大ML燈力,外租,132.96
2017/05/19,南區,綜合一館,空大ML燈力,外租,176.23
2017/05/18,南區,綜合一館,空大ML燈力,外租,208.15
2017/05/17,南區,綜合一館,空大ML燈力,外租,200.33
2017/05/16,南區,綜合一館,空大ML燈力,外租,197.42
2017/05/15,南區,綜合一館,空大ML燈力,外租,205.89
2017/05/14,南區,綜合一館,空大ML燈力,外租,171.8
2017/05/13,南區,綜合一館,空大ML燈力,外租,201.67
2017/05/12,南區,綜合一館,空大ML燈力,外租,168.4
2017/05/11,南區,綜合一館,空大ML燈力,外租,184.37
2017/05/10,南區,綜合一館,空大ML燈力,外租,174.15
2017/05/09,南區,綜合一館,空大ML燈力,外租,202.46
2017/05/08,南區,綜合一館,空大ML燈力,外租,167.7
2017/05/07,南區,綜合一館,空大ML燈力,外租,92.32
2017/05/06,南區,綜合一館,空大ML燈力,外租,101.1
2017/05/05,南區,綜合一館,空大ML燈力,外租,127.18
2017/05/04,南區,綜合一館,空大ML燈力,外租,229.25
2017/05/03,南區,綜合一館,空大ML燈力,外租,160.54
2017/05/02,南區,綜合一館,空大ML燈力,外租,186.24
2017/05/01,南區,綜合一館,空大ML燈力,外租,120.82
2017/04/30,南區,綜合一館,空大ML燈力,外租,114.8
2017/04/29,南區,綜合一館,空大ML燈力,外租,124.89
2017/04/28,南區,綜合一館,空大ML燈力,外租,134.76
2017/04/27,南區,綜合一館,空大ML燈力,外租,188.84
2017/04/26,南區,綜合一館,空大ML燈力,外租,168.79
2017/04/25,南區,綜合一館,空大ML燈力,外租,179.72
2017/04/24,南區,綜合一館,空大ML燈力,外租,187.33
2017/04/23,南區,綜合一館,空大ML燈力,外租,168.87
2017/04/22,南區,綜合一館,空大ML燈力,外租,170.56
2017/04/21,南區,綜合一館,空大ML燈力,外租,195.89
2017/04/20,南區,綜合一館,空大ML燈力,外租,194.63
2017/04/19,南區,綜合一館,空大ML燈力,外租,177.3
2017/04/18,南區,綜合一館,空大ML燈力,外租,182.29
2017/04/17,南區,綜合一館,空大ML燈力,外租,193.08
2017/04/16,南區,綜合一館,空大ML燈力,外租,158.26
2017/04/15,南區,綜合一館,空大ML燈力,外租,233.09
2017/04/14,南區,綜合一館,空大ML燈力,外租,167.9
2017/04/13,南區,綜合一館,空大ML燈力,外租,194.87
2017/04/12,南區,綜合一館,空大ML燈力,外租,164.84
2017/04/11,南區,綜合一館,空大ML燈力,外租,186.45
2017/04/10,南區,綜合一館,空大ML燈力,外租,187.06
2017/04/09,南區,綜合一館,空大ML燈力,外租,92.8
2017/04/08,南區,綜合一館,空大ML燈力,外租,165.97
2017/04/07,南區,綜合一館,空大ML燈力,外租,178.36
2017/04/06,南區,綜合一館,空大ML燈力,外租,195.25
2017/04/05,南區,綜合一館,空大ML燈力,外租,114.76
2017/04/04,南區,綜合一館,空大ML燈力,外租,75.39
2017/04/03,南區,綜合一館,空大ML燈力,外租,85.28
2017/04/02,南區,綜合一館,空大ML燈力,外租,88.88
2017/04/01,南區,綜合一館,空大ML燈力,外租,84.25
2017/03/31,南區,綜合一館,空大ML燈力,外租,159.18
2017/03/30,南區,綜合一館,空大ML燈力,外租,180.52
2017/03/29,南區,綜合一館,空大ML燈力,外租,173.07
2017/03/28,南區,綜合一館,空大ML燈力,外租,200.96
2017/03/27,南區,綜合一館,空大ML燈力,外租,47.21
2017/03/26,南區,綜合一館,空大ML燈力,外租,0
2017/03/25,南區,綜合一館,空大ML燈力,外租,0
2017/03/24,南區,綜合一館,空大ML燈力,外租,0
2017/03/23,南區,綜合一館,空大ML燈力,外租,0
2017/03/22,南區,綜合一館,空大ML燈力,外租,0
2017/03/21,南區,綜合一館,空大ML燈力,外租,0
2017/03/20,南區,綜合一館,空大ML燈力,外租,399823.1
2017/03/19,南區,綜合一館,空大ML燈力,外租,0
2017/03/18,南區,綜合一館,空大ML燈力,外租,0
2017/03/17,南區,綜合一館,空大ML燈力,外租,0
2017/03/16,南區,綜合一館,空大ML燈力,外租,0
2017/03/15,南區,綜合一館,空大ML燈力,外租,0
2017/03/14,南區,綜合一館,空大ML燈力,外租,0
2017/03/13,南區,綜合一館,空大ML燈力,外租,0
2017/03/12,南區,綜合一館,空大ML燈力,外租,0
2017/03/11,南區,綜合一館,空大ML燈力,外租,0
2017/03/10,南區,綜合一館,空大ML燈力,外租,0
2017/03/09,南區,綜合一館,空大ML燈力,外租,0
2017/03/08,南區,綜合一館,空大ML燈力,外租,0
2017/03/07,南區,綜合一館,空大ML燈力,外租,0
2017/03/06,南區,綜合一館,空大ML燈力,外租,0
2017/03/05,南區,綜合一館,空大ML燈力,外租,0
2017/03/04,南區,綜合一館,空大ML燈力,外租,0
2017/03/03,南區,綜合一館,空大ML燈力,外租,0
2017/03/02,南區,綜合一館,空大ML燈力,外租,0
2017/03/01,南區,綜合一館,空大ML燈力,外租,0
2017/02/28,南區,綜合一館,空大ML燈力,外租,0
2017/02/27,南區,綜合一館,空大ML燈力,外租,0
2017/02/26,南區,綜合一館,空大ML燈力,外租,0
2017/02/25,南區,綜合一館,空大ML燈力,外租,0
2017/02/24,南區,綜合一館,空大ML燈力,外租,0
2017/02/23,南區,綜合一館,空大ML燈力,外租,0
2017/02/22,南區,綜合一館,空大ML燈力,外租,0
2017/02/21,南區,綜合一館,空大ML燈力,外租,0
2017/02/20,南區,綜合一館,空大ML燈力,外租,0
2017/02/19,南區,綜合一館,空大ML燈力,外租,0
2017/02/18,南區,綜合一館,空大ML燈力,外租,0
2017/02/17,南區,綜合一館,空大ML燈力,外租,0
2017/02/16,南區,綜合一館,空大ML燈力,外租,0
2017/02/15,南區,綜合一館,空大ML燈力,外租,0
2017/02/14,南區,綜合一館,空大ML燈力,外租,0
2017/02/13,南區,綜合一館,空大ML燈力,外租,0
2017/02/12,南區,綜合一館,空大ML燈力,外租,0
2017/02/11,南區,綜合一館,空大ML燈力,外租,0
2017/02/10,南區,綜合一館,空大ML燈力,外租,0
2017/02/09,南區,綜合一館,空大ML燈力,外租,0
2017/02/08,南區,綜合一館,空大ML燈力,外租,0
2017/02/07,南區,綜合一館,空大ML燈力,外租,0
2017/02/06,南區,綜合一館,空大ML燈力,外租,0
2017/02/05,南區,綜合一館,空大ML燈力,外租,0
2017/02/04,南區,綜合一館,空大ML燈力,外租,0
2017/02/03,南區,綜合一館,空大ML燈力,外租,0
2017/02/02,南區,綜合一館,空大ML燈力,外租,0
2017/02/01,南區,綜合一館,空大ML燈力,外租,0
2017/01/31,南區,綜合一館,空大ML燈力,外租,0
2017/01/30,南區,綜合一館,空大ML燈力,外租,0
2017/01/29,南區,綜合一館,空大ML燈力,外租,0
2017/01/28,南區,綜合一館,空大ML燈力,外租,0
2017/01/27,南區,綜合一館,空大ML燈力,外租,0
2017/01/26,南區,綜合一館,空大ML燈力,外租,0
2017/01/25,南區,綜合一館,空大ML燈力,外租,0
2017/01/24,南區,綜合一館,空大ML燈力,外租,0
2017/01/23,南區,綜合一館,空大ML燈力,外租,0
2017/01/22,南區,綜合一館,空大ML燈力,外租,0
2017/01/21,南區,綜合一館,空大ML燈力,外租,0
2017/01/20,南區,綜合一館,空大ML燈力,外租,77956220
2017/01/19,南區,綜合一館,空大ML燈力,外租,103905300
2017/01/18,南區,綜合一館,空大ML燈力,外租,139811100
2017/01/17,南區,綜合一館,空大ML燈力,外租,124574500
2017/01/16,南區,綜合一館,空大ML燈力,外租,116128800
2017/01/15,南區,綜合一館,空大ML燈力,外租,111281600
2017/01/14,南區,綜合一館,空大ML燈力,外租,124791600
2017/01/13,南區,綜合一館,空大ML燈力,外租,103623900
2017/01/12,南區,綜合一館,空大ML燈力,外租,46210150
2017/01/11,南區,綜合一館,空大ML燈力,外租,68483740
2017/01/10,南區,綜合一館,空大ML燈力,外租,86365860
2017/01/09,南區,綜合一館,空大ML燈力,外租,37003160
2017/01/08,南區,綜合一館,空大ML燈力,外租,25054770
2017/01/07,南區,綜合一館,空大ML燈力,外租,22260900
2017/01/06,南區,綜合一館,空大ML燈力,外租,16292510
2017/01/05,南區,綜合一館,空大ML燈力,外租,25421890
2017/01/04,南區,綜合一館,空大ML燈力,外租,28187890
2017/01/03,南區,綜合一館,空大ML燈力,外租,26982230
2017/01/02,南區,綜合一館,空大ML燈力,外租,61883050
2017/01/01,南區,綜合一館,空大ML燈力,外租,52743900
2016/12/31,南區,綜合一館,空大ML燈力,外租,100704600
2016/12/30,南區,綜合一館,空大ML燈力,外租,121289900
2016/12/29,南區,綜合一館,空大ML燈力,外租,120057500
2016/12/28,南區,綜合一館,空大ML燈力,外租,118805600
2016/12/27,南區,綜合一館,空大ML燈力,外租,101331100
2016/12/26,南區,綜合一館,空大ML燈力,外租,24528090
2016/12/25,南區,綜合一館,空大ML燈力,外租,24123860
2016/12/24,南區,綜合一館,空大ML燈力,外租,81427030
2016/12/23,南區,綜合一館,空大ML燈力,外租,43468720
2016/12/22,南區,綜合一館,空大ML燈力,外租,22909740
2016/12/21,南區,綜合一館,空大ML燈力,外租,24478540
2016/12/20,南區,綜合一館,空大ML燈力,外租,68265980
2016/12/19,南區,綜合一館,空大ML燈力,外租,102560900
2016/12/18,南區,綜合一館,空大ML燈力,外租,116335400
2016/12/17,南區,綜合一館,空大ML燈力,外租,117881400
2016/12/16,南區,綜合一館,空大ML燈力,外租,113510200
2016/12/15,南區,綜合一館,空大ML燈力,外租,130804300
2016/12/14,南區,綜合一館,空大ML燈力,外租,28352710
2016/12/13,南區,綜合一館,空大ML燈力,外租,24794740
2016/12/12,南區,綜合一館,空大ML燈力,外租,21241220
2016/12/11,南區,綜合一館,空大ML燈力,外租,27915380
2016/12/10,南區,綜合一館,空大ML燈力,外租,36551720
2016/12/09,南區,綜合一館,空大ML燈力,外租,40466800
2016/12/08,南區,綜合一館,空大ML燈力,外租,37700010
2016/12/07,南區,綜合一館,空大ML燈力,外租,25121530
2016/12/06,南區,綜合一館,空大ML燈力,外租,17262020
2016/12/05,南區,綜合一館,空大ML燈力,外租,14509170
2016/12/04,南區,綜合一館,空大ML燈力,外租,21166550
2016/12/03,南區,綜合一館,空大ML燈力,外租,34085590
2016/12/02,南區,綜合一館,空大ML燈力,外租,28981850
2016/12/01,南區,綜合一館,空大ML燈力,外租,28186680
2016/11/30,南區,綜合一館,空大ML燈力,外租,26606450
2016/11/29,南區,綜合一館,空大ML燈力,外租,26591600
2016/11/28,南區,綜合一館,空大ML燈力,外租,30097470
2016/11/27,南區,綜合一館,空大ML燈力,外租,26177790
2016/11/26,南區,綜合一館,空大ML燈力,外租,33979000
2016/11/25,南區,綜合一館,空大ML燈力,外租,21470390
2016/11/24,南區,綜合一館,空大ML燈力,外租,19900230
2016/11/23,南區,綜合一館,空大ML燈力,外租,13649620
2016/11/22,南區,綜合一館,空大ML燈力,外租,12473730
2016/11/21,南區,綜合一館,空大ML燈力,外租,14414260
2016/11/20,南區,綜合一館,空大ML燈力,外租,8178319
2016/11/19,南區,綜合一館,空大ML燈力,外租,18686790
2016/11/18,南區,綜合一館,空大ML燈力,外租,10118520
2016/11/17,南區,綜合一館,空大ML燈力,外租,13615190
2016/11/16,南區,綜合一館,空大ML燈力,外租,14385610
2016/11/15,南區,綜合一館,空大ML燈力,外租,8938336
2016/11/14,南區,綜合一館,空大ML燈力,外租,14758920
2016/11/13,南區,綜合一館,空大ML燈力,外租,27179530
2016/11/12,南區,綜合一館,空大ML燈力,外租,22897330
2016/11/11,南區,綜合一館,空大ML燈力,外租,16681820
2016/11/10,南區,綜合一館,空大ML燈力,外租,19776350
2016/11/09,南區,綜合一館,空大ML燈力,外租,15891330
2016/11/08,南區,綜合一館,空大ML燈力,外租,12007790
2016/11/07,南區,綜合一館,空大ML燈力,外租,20520470
2016/11/06,南區,綜合一館,空大ML燈力,外租,18189970
2016/11/05,南區,綜合一館,空大ML燈力,外租,20115960
2016/11/04,南區,綜合一館,空大ML燈力,外租,18947720
2016/11/03,南區,綜合一館,空大ML燈力,外租,22029160
2016/11/02,南區,綜合一館,空大ML燈力,外租,14291250
2016/11/01,南區,綜合一館,空大ML燈力,外租,11968490
2016/10/31,南區,綜合一館,空大ML燈力,外租,17365290
2016/10/30,南區,綜合一館,空大ML燈力,外租,12342500
2016/10/29,南區,綜合一館,空大ML燈力,外租,10793620
2016/10/28,南區,綜合一館,空大ML燈力,外租,7704515
2016/10/27,南區,綜合一館,空大ML燈力,外租,12323390
2016/10/26,南區,綜合一館,空大ML燈力,外租,15010400
2016/10/25,南區,綜合一館,空大ML燈力,外租,6538801
2016/10/24,南區,綜合一館,空大ML燈力,外租,11534550
2016/10/23,南區,綜合一館,空大ML燈力,外租,18064450
2016/10/22,南區,綜合一館,空大ML燈力,外租,9221687
2016/10/21,南區,綜合一館,空大ML燈力,外租,1536508
2016/10/20,南區,綜合一館,空大ML燈力,外租,384080.3
2016/10/19,南區,綜合一館,空大ML燈力,外租,383928.9
2016/10/18,南區,綜合一館,空大ML燈力,外租,5369136
2016/10/17,南區,綜合一館,空大ML燈力,外租,4216344
2016/10/16,南區,綜合一館,空大ML燈力,外租,7279083
2016/10/15,南區,綜合一館,空大ML燈力,外租,12633970
2016/10/14,南區,綜合一館,空大ML燈力,外租,16836770
2016/10/13,南區,綜合一館,空大ML燈力,外租,17211730
2016/10/12,南區,綜合一館,空大ML燈力,外租,6881458
2016/10/11,南區,綜合一館,空大ML燈力,外租,4965806
2016/10/10,南區,綜合一館,空大ML燈力,外租,17566940
2016/10/09,南區,綜合一館,空大ML燈力,外租,5727402
2016/10/08,南區,綜合一館,空大ML燈力,外租,1527033
2016/10/07,南區,綜合一館,空大ML燈力,外租,1908418
2016/10/06,南區,綜合一館,空大ML燈力,外租,763033
2016/10/05,南區,綜合一館,空大ML燈力,外租,2668916
2016/10/04,南區,綜合一館,空大ML燈力,外租,381275.4
2016/10/03,南區,綜合一館,空大ML燈力,外租,4569516
2016/10/02,南區,綜合一館,空大ML燈力,外租,6471820
2016/10/01,南區,綜合一館,空大ML燈力,外租,5328133
2016/09/30,南區,綜合一館,空大ML燈力,外租,2663088
2016/09/29,南區,綜合一館,空大ML燈力,外租,1521473
2016/09/28,南區,綜合一館,空大ML燈力,外租,2280834
2016/09/27,南區,綜合一館,空大ML燈力,外租,5700766
2016/09/26,南區,綜合一館,空大ML燈力,外租,179.31
2016/09/25,南區,綜合一館,空大ML燈力,外租,3037688
2016/09/24,南區,綜合一館,空大ML燈力,外租,379663.8
2016/09/23,南區,綜合一館,空大ML燈力,外租,174.22
2016/09/22,南區,綜合一館,空大ML燈力,外租,1137584
2016/09/21,南區,綜合一館,空大ML燈力,外租,4168640
2016/09/20,南區,綜合一館,空大ML燈力,外租,3787263
2016/09/19,南區,綜合一館,空大ML燈力,外租,3029249
2016/09/18,南區,綜合一館,空大ML燈力,外租,4162772
2016/09/17,南區,綜合一館,空大ML燈力,外租,3405307
2016/09/16,南區,綜合一館,空大ML燈力,外租,4917836
2016/09/15,南區,綜合一館,空大ML燈力,外租,1891144
2016/09/14,南區,綜合一館,空大ML燈力,外租,3024353
2016/09/13,南區,綜合一館,空大ML燈力,外租,6424091
2016/09/12,南區,綜合一館,空大ML燈力,外租,4909520
2016/09/11,南區,綜合一館,空大ML燈力,外租,6041117
2016/09/10,南區,綜合一館,空大ML燈力,外租,6038556
2016/09/09,南區,綜合一館,空大ML燈力,外租,4527236
2016/09/08,南區,綜合一館,空大ML燈力,外租,5656944
2016/09/07,南區,綜合一館,空大ML燈力,外租,6031386
2016/09/06,南區,綜合一館,空大ML燈力,外租,3014833
2016/09/05,南區,綜合一館,空大ML燈力,外租,4143817
2016/09/04,南區,綜合一館,空大ML燈力,外租,8283167
2016/09/03,南區,綜合一館,空大ML燈力,外租,5644147
2016/09/02,南區,綜合一館,空大ML燈力,外租,6016815
2016/09/01,南區,綜合一館,空大ML燈力,外租,2631214
2017/08/31,北區,活動中心,第一餐聽,外租,809.88
2017/08/30,北區,活動中心,第一餐聽,外租,782.38
2017/08/29,北區,活動中心,第一餐聽,外租,776.63
2017/08/28,北區,活動中心,第一餐聽,外租,748.63
2017/08/27,北區,活動中心,第一餐聽,外租,520.63
2017/08/26,北區,活動中心,第一餐聽,外租,713.5
2017/08/25,北區,活動中心,第一餐聽,外租,767.5
2017/08/24,北區,活動中心,第一餐聽,外租,725
2017/08/23,北區,活動中心,第一餐聽,外租,735.38
2017/08/22,北區,活動中心,第一餐聽,外租,783.88
2017/08/21,北區,活動中心,第一餐聽,外租,824.13
2017/08/20,北區,活動中心,第一餐聽,外租,670.63
2017/08/19,北區,活動中心,第一餐聽,外租,684.38
2017/08/18,北區,活動中心,第一餐聽,外租,811.5
2017/08/17,北區,活動中心,第一餐聽,外租,822.88
2017/08/16,北區,活動中心,第一餐聽,外租,876
2017/08/15,北區,活動中心,第一餐聽,外租,836
2017/08/14,北區,活動中心,第一餐聽,外租,829.63
2017/08/13,北區,活動中心,第一餐聽,外租,596.13
2017/08/12,北區,活動中心,第一餐聽,外租,787
2017/08/11,北區,活動中心,第一餐聽,外租,873.5
2017/08/10,北區,活動中心,第一餐聽,外租,865.25
2017/08/09,北區,活動中心,第一餐聽,外租,891.88
2017/08/08,北區,活動中心,第一餐聽,外租,921
2017/08/07,北區,活動中心,第一餐聽,外租,927
2017/08/06,北區,活動中心,第一餐聽,外租,598.5
2017/08/05,北區,活動中心,第一餐聽,外租,723.13
2017/08/04,北區,活動中心,第一餐聽,外租,783.13
2017/08/03,北區,活動中心,第一餐聽,外租,768.38
2017/08/02,北區,活動中心,第一餐聽,外租,771
2017/08/01,北區,活動中心,第一餐聽,外租,735.5
2017/07/31,北區,活動中心,第一餐聽,外租,666.88
2017/07/30,北區,活動中心,第一餐聽,外租,452.88
2017/07/29,北區,活動中心,第一餐聽,外租,686.38
2017/07/28,北區,活動中心,第一餐聽,外租,810
2017/07/27,北區,活動中心,第一餐聽,外租,786.5
2017/07/26,北區,活動中心,第一餐聽,外租,830.38
2017/07/25,北區,活動中心,第一餐聽,外租,882.13
2017/07/24,北區,活動中心,第一餐聽,外租,790.13
2017/07/23,北區,活動中心,第一餐聽,外租,553.13
2017/07/22,北區,活動中心,第一餐聽,外租,764.25
2017/07/21,北區,活動中心,第一餐聽,外租,859
2017/07/20,北區,活動中心,第一餐聽,外租,867.38
2017/07/19,北區,活動中心,第一餐聽,外租,856.5
2017/07/18,北區,活動中心,第一餐聽,外租,853.25
2017/07/17,北區,活動中心,第一餐聽,外租,800
2017/07/16,北區,活動中心,第一餐聽,外租,747.75
2017/07/15,北區,活動中心,第一餐聽,外租,580
2017/07/14,北區,活動中心,第一餐聽,外租,859.25
2017/07/13,北區,活動中心,第一餐聽,外租,887.25
2017/07/12,北區,活動中心,第一餐聽,外租,613.38
2017/07/11,北區,活動中心,第一餐聽,外租,824.38
2017/07/10,北區,活動中心,第一餐聽,外租,836.13
2017/07/09,北區,活動中心,第一餐聽,外租,398.75
2017/07/08,北區,活動中心,第一餐聽,外租,701
2017/07/07,北區,活動中心,第一餐聽,外租,757.5
2017/07/06,北區,活動中心,第一餐聽,外租,822.63
2017/07/05,北區,活動中心,第一餐聽,外租,783.88
2017/07/04,北區,活動中心,第一餐聽,外租,851.38
2017/07/03,北區,活動中心,第一餐聽,外租,822.63
2017/07/02,北區,活動中心,第一餐聽,外租,578.75
2017/07/01,北區,活動中心,第一餐聽,外租,722.25
2017/06/30,北區,活動中心,第一餐聽,外租,849.25
2017/06/29,北區,活動中心,第一餐聽,外租,845.63
2017/06/28,北區,活動中心,第一餐聽,外租,874.63
2017/06/27,北區,活動中心,第一餐聽,外租,872.5
2017/06/26,北區,活動中心,第一餐聽,外租,826.38
2017/06/25,北區,活動中心,第一餐聽,外租,728.38
2017/06/24,北區,活動中心,第一餐聽,外租,813.63
2017/06/23,北區,活動中心,第一餐聽,外租,905.38
2017/06/22,北區,活動中心,第一餐聽,外租,847.5
2017/06/21,北區,活動中心,第一餐聽,外租,798.88
2017/06/20,北區,活動中心,第一餐聽,外租,771.63
2017/06/19,北區,活動中心,第一餐聽,外租,709.25
2017/06/18,北區,活動中心,第一餐聽,外租,560
2017/06/17,北區,活動中心,第一餐聽,外租,522.13
2017/06/16,北區,活動中心,第一餐聽,外租,742.75
2017/06/15,北區,活動中心,第一餐聽,外租,706.63
2017/06/14,北區,活動中心,第一餐聽,外租,835.25
2017/06/13,北區,活動中心,第一餐聽,外租,913.38
2017/06/12,北區,活動中心,第一餐聽,外租,889
2017/06/11,北區,活動中心,第一餐聽,外租,821.38
2017/06/10,北區,活動中心,第一餐聽,外租,751.5
2017/06/09,北區,活動中心,第一餐聽,外租,882.88
2017/06/08,北區,活動中心,第一餐聽,外租,918
2017/06/07,北區,活動中心,第一餐聽,外租,906.88
2017/06/06,北區,活動中心,第一餐聽,外租,857.25
2017/06/05,北區,活動中心,第一餐聽,外租,769.63
2017/06/04,北區,活動中心,第一餐聽,外租,551.38
2017/06/03,北區,活動中心,第一餐聽,外租,847.88
2017/06/02,北區,活動中心,第一餐聽,外租,765.63
2017/06/01,北區,活動中心,第一餐聽,外租,884.88
2017/05/31,北區,活動中心,第一餐聽,外租,879.25
2017/05/30,北區,活動中心,第一餐聽,外租,766.75
2017/05/29,北區,活動中心,第一餐聽,外租,517.38
2017/05/28,北區,活動中心,第一餐聽,外租,549.63
2017/05/27,北區,活動中心,第一餐聽,外租,542.75
2017/05/26,北區,活動中心,第一餐聽,外租,740.88
2017/05/25,北區,活動中心,第一餐聽,外租,789
2017/05/24,北區,活動中心,第一餐聽,外租,880.38
2017/05/23,北區,活動中心,第一餐聽,外租,877.38
2017/05/22,北區,活動中心,第一餐聽,外租,861.63
2017/05/21,北區,活動中心,第一餐聽,外租,666.63
2017/05/20,北區,活動中心,第一餐聽,外租,676.5
2017/05/19,北區,活動中心,第一餐聽,外租,772.88
2017/05/18,北區,活動中心,第一餐聽,外租,822.38
2017/05/17,北區,活動中心,第一餐聽,外租,806
2017/05/16,北區,活動中心,第一餐聽,外租,706.5
2017/05/15,北區,活動中心,第一餐聽,外租,841.75
2017/05/14,北區,活動中心,第一餐聽,外租,633.63
2017/05/13,北區,活動中心,第一餐聽,外租,563.13
2017/05/12,北區,活動中心,第一餐聽,外租,843.38
2017/05/11,北區,活動中心,第一餐聽,外租,874.5
2017/05/10,北區,活動中心,第一餐聽,外租,866.75
2017/05/09,北區,活動中心,第一餐聽,外租,810
2017/05/08,北區,活動中心,第一餐聽,外租,822.25
2017/05/07,北區,活動中心,第一餐聽,外租,615.75
2017/05/06,北區,活動中心,第一餐聽,外租,615
2017/05/05,北區,活動中心,第一餐聽,外租,794
2017/05/04,北區,活動中心,第一餐聽,外租,820
2017/05/03,北區,活動中心,第一餐聽,外租,808.38
2017/05/02,北區,活動中心,第一餐聽,外租,737.38
2017/05/01,北區,活動中心,第一餐聽,外租,793.25
2017/04/30,北區,活動中心,第一餐聽,外租,512
2017/04/29,北區,活動中心,第一餐聽,外租,466.25
2017/04/28,北區,活動中心,第一餐聽,外租,548.75
2017/04/27,北區,活動中心,第一餐聽,外租,551
2017/04/26,北區,活動中心,第一餐聽,外租,726.5
2017/04/25,北區,活動中心,第一餐聽,外租,701.75
2017/04/24,北區,活動中心,第一餐聽,外租,581.5
2017/04/23,北區,活動中心,第一餐聽,外租,411.38
2017/04/22,北區,活動中心,第一餐聽,外租,458.63
2017/04/21,北區,活動中心,第一餐聽,外租,790.5
2017/04/20,北區,活動中心,第一餐聽,外租,820.38
2017/04/19,北區,活動中心,第一餐聽,外租,819.13
2017/04/18,北區,活動中心,第一餐聽,外租,758.88
2017/04/17,北區,活動中心,第一餐聽,外租,756.63
2017/04/16,北區,活動中心,第一餐聽,外租,556.38
2017/04/15,北區,活動中心,第一餐聽,外租,457.13
2017/04/14,北區,活動中心,第一餐聽,外租,603.75
2017/04/13,北區,活動中心,第一餐聽,外租,549.25
2017/04/12,北區,活動中心,第一餐聽,外租,574
2017/04/11,北區,活動中心,第一餐聽,外租,658
2017/04/10,北區,活動中心,第一餐聽,外租,766.5
2017/04/09,北區,活動中心,第一餐聽,外租,479.5
2017/04/08,北區,活動中心,第一餐聽,外租,545.25
2017/04/07,北區,活動中心,第一餐聽,外租,579.13
2017/04/06,北區,活動中心,第一餐聽,外租,570.38
2017/04/05,北區,活動中心,第一餐聽,外租,388.63
2017/04/04,北區,活動中心,第一餐聽,外租,386.13
2017/04/03,北區,活動中心,第一餐聽,外租,338.88
2017/04/02,北區,活動中心,第一餐聽,外租,331.38
2017/04/01,北區,活動中心,第一餐聽,外租,366.75
2017/03/31,北區,活動中心,第一餐聽,外租,498.25
2017/03/30,北區,活動中心,第一餐聽,外租,594
2017/03/29,北區,活動中心,第一餐聽,外租,529.88
2017/03/28,北區,活動中心,第一餐聽,外租,484.88
2017/03/27,北區,活動中心,第一餐聽,外租,570.75
2017/03/26,北區,活動中心,第一餐聽,外租,400.63
2017/03/25,北區,活動中心,第一餐聽,外租,345
2017/03/24,北區,活動中心,第一餐聽,外租,526
2017/03/23,北區,活動中心,第一餐聽,外租,503.63
2017/03/22,北區,活動中心,第一餐聽,外租,540.25
2017/03/21,北區,活動中心,第一餐聽,外租,517.75
2017/03/20,北區,活動中心,第一餐聽,外租,9961864
2017/03/19,北區,活動中心,第一餐聽,外租,7114337
2017/03/18,北區,活動中心,第一餐聽,外租,14224180
2017/03/17,北區,活動中心,第一餐聽,外租,22751400
2017/03/16,北區,活動中心,第一餐聽,外租,89565600
2017/03/15,北區,活動中心,第一餐聽,外租,76736850
2017/03/14,北區,活動中心,第一餐聽,外租,88086450
2017/03/13,北區,活動中心,第一餐聽,外租,17040870
2017/03/12,北區,活動中心,第一餐聽,外租,7097843
2017/03/11,北區,活動中心,第一餐聽,外租,7095997
2017/03/10,北區,活動中心,第一餐聽,外租,25539190
2017/03/09,北區,活動中心,第一餐聽,外租,73743150
2017/03/08,北區,活動中心,第一餐聽,外租,219747300
2017/03/07,北區,活動中心,第一餐聽,外租,106304400
2017/03/06,北區,活動中心,第一餐聽,外租,22668600
2017/03/05,北區,活動中心,第一餐聽,外租,16994320
2017/03/04,北區,活動中心,第一餐聽,外租,49552050
2017/03/03,北區,活動中心,第一餐聽,外租,174083200
2017/03/02,北區,活動中心,第一餐聽,外租,230635800
2017/03/01,北區,活動中心,第一餐聽,外租,236198100
2017/02/28,北區,活動中心,第一餐聽,外租,311080100
2017/02/27,北區,活動中心,第一餐聽,外租,352008500
2017/02/26,北區,活動中心,第一餐聽,外租,398564300
2017/02/25,北區,活動中心,第一餐聽,外租,392814600
2017/02/24,北區,活動中心,第一餐聽,外租,436497400
2017/02/23,北區,活動中心,第一餐聽,外租,120045200
2017/02/22,北區,活動中心,第一餐聽,外租,11292200
2017/02/21,北區,活動中心,第一餐聽,外租,8466314
2017/02/20,北區,活動中心,第一餐聽,外租,8462392
2017/02/19,北區,活動中心,第一餐聽,外租,15508990
2017/02/18,北區,活動中心,第一餐聽,外租,12685770
2017/02/17,北區,活動中心,第一餐聽,外租,35221450
2017/02/16,北區,活動中心,第一餐聽,外租,122512900
2017/02/15,北區,活動中心,第一餐聽,外租,163290400
2017/02/14,北區,活動中心,第一餐聽,外租,159007700
2017/02/13,北區,活動中心,第一餐聽,外租,203963200
2017/02/12,北區,活動中心,第一餐聽,外租,392344000
2017/02/11,北區,活動中心,第一餐聽,外租,423171700
2017/02/10,北區,活動中心,第一餐聽,外租,431498500
2017/02/09,北區,活動中心,第一餐聽,外租,382211800
2017/02/08,北區,活動中心,第一餐聽,外租,101144600
2017/02/07,北區,活動中心,第一餐聽,外租,73031180
2017/02/06,北區,活動中心,第一餐聽,外租,54761050
2017/02/05,北區,活動中心,第一餐聽,外租,15443350
2017/02/04,北區,活動中心,第一餐聽,外租,12632210
2017/02/03,北區,活動中心,第一餐聽,外租,16837450
2017/02/02,北區,活動中心,第一餐聽,外租,22446380
2017/02/01,北區,活動中心,第一餐聽,外租,18235080
2017/01/31,北區,活動中心,第一餐聽,外租,11219560
2017/01/30,北區,活動中心,第一餐聽,外租,7011801
2017/01/29,北區,活動中心,第一餐聽,外租,208.13
2017/01/28,北區,活動中心,第一餐聽,外租,14018460
2017/01/27,北區,活動中心,第一餐聽,外租,19622860
2017/01/26,北區,活動中心,第一餐聽,外租,74276120
2017/01/25,北區,活動中心,第一餐聽,外租,56051440
2017/01/24,北區,活動中心,第一餐聽,外租,54635480
2017/01/23,北區,活動中心,第一餐聽,外租,57423610
2017/01/22,北區,活動中心,第一餐聽,外租,67209730
2017/01/21,北區,活動中心,第一餐聽,外租,152587300
2017/01/20,北區,活動中心,第一餐聽,外租,65785390
2017/01/19,北區,活動中心,第一餐聽,外租,19588810
2017/01/18,北區,活動中心,第一餐聽,外租,6994219
2017/01/17,北區,活動中心,第一餐聽,外租,18177920
2017/01/16,北區,活動中心,第一餐聽,外租,75483750
2017/01/15,北區,活動中心,第一餐聽,外租,157916800
2017/01/14,北區,活動中心,第一餐聽,外租,166264200
2017/01/13,北區,活動中心,第一餐聽,外租,44700270
2017/01/12,北區,活動中心,第一餐聽,外租,11169160
2017/01/11,北區,活動中心,第一餐聽,外租,8373486
2017/01/10,北區,活動中心,第一餐聽,外租,12555470
2017/01/09,北區,活動中心,第一餐聽,外租,11156050
2017/01/08,北區,活動中心,第一餐聽,外租,8363216
2017/01/07,北區,活動中心,第一餐聽,外租,6967898
2017/01/06,北區,活動中心,第一餐聽,外租,6966111
2017/01/05,北區,活動中心,第一餐聽,外租,11140000
2017/01/04,北區,活動中心,第一餐聽,外租,11134050
2017/01/03,北區,活動中心,第一餐聽,外租,4173932
2017/01/02,北區,活動中心,第一餐聽,外租,13907130
2017/01/01,北區,活動中心,第一餐聽,外租,5561514
2016/12/31,北區,活動中心,第一餐聽,外租,6949594
2016/12/30,北區,活動中心,第一餐聽,外租,19450500
2016/12/29,北區,活動中心,第一餐聽,外租,31945110
2016/12/28,北區,活動中心,第一餐聽,外租,99960660
2016/12/27,北區,活動中心,第一餐聽,外租,37476820
2016/12/26,北區,活動中心,第一餐聽,外租,2775127
2016/12/25,北區,活動中心,第一餐聽,外租,8320198
2016/12/24,北區,活動中心,第一餐聽,外租,5544980
2016/12/23,北區,活動中心,第一餐聽,外租,8315724
2016/12/22,北區,活動中心,第一餐聽,外租,2771441
2016/12/21,北區,活動中心,第一餐聽,外租,683.13
2016/12/20,北區,活動中心,第一餐聽,外租,13836820
2016/12/19,北區,活動中心,第一餐聽,外租,8299893
2016/12/18,北區,活動中心,第一餐聽,外租,447990200
2016/12/17,北區,活動中心,第一餐聽,外租,429883100
2016/12/16,北區,活動中心,第一餐聽,外租,436637200
2016/12/15,北區,活動中心,第一餐聽,外租,455798400
2016/12/14,北區,活動中心,第一餐聽,外租,422452700
2016/12/13,北區,活動中心,第一餐聽,外租,415375000
2016/12/12,北區,活動中心,第一餐聽,外租,449678800
2016/12/11,北區,活動中心,第一餐聽,外租,427437900
2016/12/10,北區,活動中心,第一餐聽,外租,470028100
2016/12/09,北區,活動中心,第一餐聽,外租,485009100
2016/12/08,北區,活動中心,第一餐聽,外租,455872400
2016/12/07,北區,活動中心,第一餐聽,外租,447412800
2016/12/06,北區,活動中心,第一餐聽,外租,456845600
2016/12/05,北區,活動中心,第一餐聽,外租,445637700
2016/12/04,北區,活動中心,第一餐聽,外租,122381000
2016/12/03,北區,活動中心,第一餐聽,外租,42612100
2016/12/02,北區,活動中心,第一餐聽,外租,13739280
2016/12/01,北區,活動中心,第一餐聽,外租,6866752
2016/11/30,北區,活動中心,第一餐聽,外租,28829590
2016/11/29,北區,活動中心,第一餐聽,外租,15092060
2016/11/28,北區,活動中心,第一餐聽,外租,12342060
2016/11/27,北區,活動中心,第一餐聽,外租,4113078
2016/11/26,北區,活動中心,第一餐聽,外租,2741331
2016/11/25,北區,活動中心,第一餐聽,外租,8219344
2016/11/24,北區,活動中心,第一餐聽,外租,6846343
2016/11/23,北區,活動中心,第一餐聽,外租,2737911
2016/11/22,北區,活動中心,第一餐聽,外租,729
2016/11/21,北區,活動中心,第一餐聽,外租,722
2016/11/20,北區,活動中心,第一餐聽,外租,594
2016/11/19,北區,活動中心,第一餐聽,外租,568.13
2016/11/18,北區,活動中心,第一餐聽,外租,732.88
2016/11/17,北區,活動中心,第一餐聽,外租,778.63
2016/11/16,北區,活動中心,第一餐聽,外租,750
2016/11/15,北區,活動中心,第一餐聽,外租,749.75
2016/11/14,北區,活動中心,第一餐聽,外租,721
2016/11/13,北區,活動中心,第一餐聽,外租,1362017
2016/11/12,北區,活動中心,第一餐聽,外租,482.63
2016/11/11,北區,活動中心,第一餐聽,外租,13605840
2016/11/10,北區,活動中心,第一餐聽,外租,8160416
2016/11/09,北區,活動中心,第一餐聽,外租,6797601
2016/11/08,北區,活動中心,第一餐聽,外租,714.38
2016/11/07,北區,活動中心,第一餐聽,外租,715.38
2016/11/06,北區,活動中心,第一餐聽,外租,1357634
2016/11/05,北區,活動中心,第一餐聽,外租,514.38
2016/11/04,北區,活動中心,第一餐聽,外租,652.13
2016/11/03,北區,活動中心,第一餐聽,外租,1355865
2016/11/02,北區,活動中心,第一餐聽,外租,4065537
2016/11/01,北區,活動中心,第一餐聽,外租,658.13
2016/10/31,北區,活動中心,第一餐聽,外租,702.63
2016/10/30,北區,活動中心,第一餐聽,外租,541
2016/10/29,北區,活動中心,第一餐聽,外租,585.38
2016/10/28,北區,活動中心,第一餐聽,外租,788.75
2016/10/27,北區,活動中心,第一餐聽,外租,814.13
2016/10/26,北區,活動中心,第一餐聽,外租,809.75
2016/10/25,北區,活動中心,第一餐聽,外租,819.13
2016/10/24,北區,活動中心,第一餐聽,外租,801.63
2016/10/23,北區,活動中心,第一餐聽,外租,654.88
2016/10/22,北區,活動中心,第一餐聽,外租,631.25
2016/10/21,北區,活動中心,第一餐聽,外租,1347585
2016/10/20,北區,活動中心,第一餐聽,外租,854
2016/10/19,北區,活動中心,第一餐聽,外租,839.25
2016/10/18,北區,活動中心,第一餐聽,外租,1345030
2016/10/17,北區,活動中心,第一餐聽,外租,817
2016/10/16,北區,活動中心,第一餐聽,外租,688.13
2016/10/15,北區,活動中心,第一餐聽,外租,601.88
2016/10/14,北區,活動中心,第一餐聽,外租,702.13
2016/10/13,北區,活動中心,第一餐聽,外租,706.75
2016/10/12,北區,活動中心,第一餐聽,外租,686.25
2016/10/11,北區,活動中心,第一餐聽,外租,731.88
2016/10/10,北區,活動中心,第一餐聽,外租,414.25
2016/10/09,北區,活動中心,第一餐聽,外租,488
2016/10/08,北區,活動中心,第一餐聽,外租,565.88
2016/10/07,北區,活動中心,第一餐聽,外租,792.88
2016/10/06,北區,活動中心,第一餐聽,外租,870.5
2016/10/05,北區,活動中心,第一餐聽,外租,841.5
2016/10/04,北區,活動中心,第一餐聽,外租,811
2016/10/03,北區,活動中心,第一餐聽,外租,807
2016/10/02,北區,活動中心,第一餐聽,外租,666.13
2016/10/01,北區,活動中心,第一餐聽,外租,636.5
2016/09/30,北區,活動中心,第一餐聽,外租,773.63
2016/09/29,北區,活動中心,第一餐聽,外租,9311835
2016/09/28,北區,活動中心,第一餐聽,外租,59839390
2016/09/27,北區,活動中心,第一餐聽,外租,482.75
2016/09/26,北區,活動中心,第一餐聽,外租,822.13
2016/09/25,北區,活動中心,第一餐聽,外租,19922870
2016/09/24,北區,活動中心,第一餐聽,外租,616.63
2016/09/23,北區,活動中心,第一餐聽,外租,756.75
2016/09/22,北區,活動中心,第一餐聽,外租,1327061
2016/09/21,北區,活動中心,第一餐聽,外租,882.88
2016/09/20,北區,活動中心,第一餐聽,外租,798
2016/09/19,北區,活動中心,第一餐聽,外租,803.5
2016/09/18,北區,活動中心,第一餐聽,外租,582.5
2016/09/17,北區,活動中心,第一餐聽,外租,595
2016/09/16,北區,活動中心,第一餐聽,外租,634.75
2016/09/15,北區,活動中心,第一餐聽,外租,626.88
2016/09/14,北區,活動中心,第一餐聽,外租,815.63
2016/09/13,北區,活動中心,第一餐聽,外租,795.25
2016/09/12,北區,活動中心,第一餐聽,外租,791.75
2016/09/11,北區,活動中心,第一餐聽,外租,652.25
2016/09/10,北區,活動中心,第一餐聽,外租,730.75
2016/09/09,北區,活動中心,第一餐聽,外租,791.25
2016/09/08,北區,活動中心,第一餐聽,外租,839
2016/09/07,北區,活動中心,第一餐聽,外租,784.63
2016/09/06,北區,活動中心,第一餐聽,外租,781.88
2016/09/05,北區,活動中心,第一餐聽,外租,789.25
2016/09/04,北區,活動中心,第一餐聽,外租,644.38
2016/09/03,北區,活動中心,第一餐聽,外租,662.38
2016/09/02,北區,活動中心,第一餐聽,外租,771.38
2016/09/01,北區,活動中心,第一餐聽,外租,765.38