weekday,時  間,區 域,館 舍 別,迴 路 別,用電別,用電量(單位:度)
4,2016/9/1,北區                  ,基礎大樓                ,主迴路                 ,教學                  ,10634
5,2016/9/2,北區                  ,基礎大樓                ,主迴路                 ,教學                  ,10388
6,2016/9/3,北區                  ,基礎大樓                ,主迴路                 ,教學                  ,9028
7,2016/9/4,北區                  ,基礎大樓                ,主迴路                 ,教學                  ,9187.5
1,2016/9/5,北區                  ,基礎大樓                ,主迴路                 ,教學                  ,11078
2,2016/9/6,北區                  ,基礎大樓                ,主迴路                 ,教學                  ,10518
3,2016/9/7,北區                  ,基礎大樓                ,主迴路                 ,教學                  ,10813.5
4,2016/9/8,北區                  ,基礎大樓                ,主迴路                 ,教學                  ,10886.5
5,2016/9/9,北區                  ,基礎大樓                ,主迴路                 ,教學                  ,10357.5
6,2016/9/10,北區                  ,基礎大樓                ,主迴路                 ,教學                  ,9760.5
7,2016/9/11,北區                  ,基礎大樓                ,主迴路                 ,教學                  ,9414.5
1,2016/9/12,北區                  ,基礎大樓                ,主迴路                 ,教學                  ,10602
2,2016/9/13,北區                  ,基礎大樓                ,主迴路                 ,教學                  ,11092
3,2016/9/14,北區                  ,基礎大樓                ,主迴路                 ,教學                  ,10633.5
4,2016/9/15,北區                  ,基礎大樓                ,主迴路                 ,教學                  ,8962.5
5,2016/9/16,北區                  ,基礎大樓                ,主迴路                 ,教學                  ,9004.5
6,2016/9/17,北區                  ,基礎大樓                ,主迴路                 ,教學                  ,8635.5
7,2016/9/18,北區                  ,基礎大樓                ,主迴路                 ,教學                  ,9451
1,2016/9/19,北區                  ,基礎大樓                ,主迴路                 ,教學                  ,11292.5
2,2016/9/20,北區                  ,基礎大樓                ,主迴路                 ,教學                  ,11856
3,2016/9/21,北區                  ,基礎大樓                ,主迴路                 ,教學                  ,11911.5
4,2016/9/22,北區                  ,基礎大樓                ,主迴路                 ,教學                  ,12451.5
5,2016/9/23,北區                  ,基礎大樓                ,主迴路                 ,教學                  ,11829.5
6,2016/9/24,北區                  ,基礎大樓                ,主迴路                 ,教學                  ,10310
7,2016/9/25,北區                  ,基礎大樓                ,主迴路                 ,教學                  ,7618.5
1,2016/9/26,北區                  ,基礎大樓                ,主迴路                 ,教學                  ,9373
2,2016/9/27,北區                  ,基礎大樓                ,主迴路                 ,教學                  ,8831
3,2016/9/28,北區                  ,基礎大樓                ,主迴路                 ,教學                  ,9750.5
4,2016/9/29,北區                  ,基礎大樓                ,主迴路                 ,教學                  ,11920
5,2016/9/30,北區                  ,基礎大樓                ,主迴路                 ,教學                  ,11056
6,2016/10/1,北區                  ,基礎大樓                ,主迴路                 ,教學                  ,9884
7,2016/10/2,北區                  ,基礎大樓                ,主迴路                 ,教學                  ,9616.5
1,2016/10/3,北區                  ,基礎大樓                ,主迴路                 ,教學                  ,11243
2,2016/10/4,北區                  ,基礎大樓                ,主迴路                 ,教學                  ,11827.5
3,2016/10/5,北區                  ,基礎大樓                ,主迴路                 ,教學                  ,11954
4,2016/10/6,北區                  ,基礎大樓                ,主迴路                 ,教學                  ,11799
5,2016/10/7,北區                  ,基礎大樓                ,主迴路                 ,教學                  ,11170
6,2016/10/8,北區                  ,基礎大樓                ,主迴路                 ,教學                  ,9744
7,2016/10/9,北區                  ,基礎大樓                ,主迴路                 ,教學                  ,9310.5
1,2016/10/10,北區                  ,基礎大樓                ,主迴路                 ,教學                  ,9587.5
2,2016/10/11,北區                  ,基礎大樓                ,主迴路                 ,教學                  ,10555
3,2016/10/12,北區                  ,基礎大樓                ,主迴路                 ,教學                  ,10689.5
4,2016/10/13,北區                  ,基礎大樓                ,主迴路                 ,教學                  ,10890.5
5,2016/10/14,北區                  ,基礎大樓                ,主迴路                 ,教學                  ,10825.5
6,2016/10/15,北區                  ,基礎大樓                ,主迴路                 ,教學                  ,9689.5
7,2016/10/16,北區                  ,基礎大樓                ,主迴路                 ,教學                  ,9730
1,2016/10/17,北區                  ,基礎大樓                ,主迴路                 ,教學                  ,11695
2,2016/10/18,北區                  ,基礎大樓                ,主迴路                 ,教學                  ,12177.5
3,2016/10/19,北區                  ,基礎大樓                ,主迴路                 ,教學                  ,11738.5
4,2016/10/20,北區                  ,基礎大樓                ,主迴路                 ,教學                  ,12008
5,2016/10/21,北區                  ,基礎大樓                ,主迴路                 ,教學                  ,11490
6,2016/10/22,北區                  ,基礎大樓                ,主迴路                 ,教學                  ,10310.5
7,2016/10/23,北區                  ,基礎大樓                ,主迴路                 ,教學                  ,10182.5
1,2016/10/24,北區                  ,基礎大樓                ,主迴路                 ,教學                  ,11794
2,2016/10/25,北區                  ,基礎大樓                ,主迴路                 ,教學                  ,12154
3,2016/10/26,北區                  ,基礎大樓                ,主迴路                 ,教學                  ,11797
4,2016/10/27,北區                  ,基礎大樓                ,主迴路                 ,教學                  ,11740
5,2016/10/28,北區                  ,基礎大樓                ,主迴路                 ,教學                  ,11574
6,2016/10/29,北區                  ,基礎大樓                ,主迴路                 ,教學                  ,10410
7,2016/10/30,北區                  ,基礎大樓                ,主迴路                 ,教學                  ,9966
1,2016/10/31,北區                  ,基礎大樓                ,主迴路                 ,教學                  ,11694
2,2016/11/1,北區                  ,基礎大樓                ,主迴路                 ,教學                  ,11759.5
3,2016/11/2,北區                  ,基礎大樓                ,主迴路                 ,教學                  ,11213.5
4,2016/11/3,北區                  ,基礎大樓                ,主迴路                 ,教學                  ,11126
5,2016/11/4,北區                  ,基礎大樓                ,主迴路                 ,教學                  ,11166
6,2016/11/5,北區                  ,基礎大樓                ,主迴路                 ,教學                  ,10168
7,2016/11/6,北區                  ,基礎大樓                ,主迴路                 ,教學                  ,9882
1,2016/11/7,北區                  ,基礎大樓                ,主迴路                 ,教學                  ,10991
2,2016/11/8,北區                  ,基礎大樓                ,主迴路                 ,教學                  ,11109
3,2016/11/9,北區                  ,基礎大樓                ,主迴路                 ,教學                  ,10814
4,2016/11/10,北區                  ,基礎大樓                ,主迴路                 ,教學                  ,10762
5,2016/11/11,北區                  ,基礎大樓                ,主迴路                 ,教學                  ,10481
6,2016/11/12,北區                  ,基礎大樓                ,主迴路                 ,教學                  ,9687
7,2016/11/13,北區                  ,基礎大樓                ,主迴路                 ,教學                  ,9591
1,2016/11/14,北區                  ,基礎大樓                ,主迴路                 ,教學                  ,10668
2,2016/11/15,北區                  ,基礎大樓                ,主迴路                 ,教學                  ,11303
3,2016/11/16,北區                  ,基礎大樓                ,主迴路                 ,教學                  ,11563.5
4,2016/11/17,北區                  ,基礎大樓                ,主迴路                 ,教學                  ,11556
5,2016/11/18,北區                  ,基礎大樓                ,主迴路                 ,教學                  ,11242.5
6,2016/11/19,北區                  ,基礎大樓                ,主迴路                 ,教學                  ,10391
7,2016/11/20,北區                  ,基礎大樓                ,主迴路                 ,教學                  ,10084
1,2016/11/21,北區                  ,基礎大樓                ,主迴路                 ,教學                  ,11410.5
2,2016/11/22,北區                  ,基礎大樓                ,主迴路                 ,教學                  ,11468.5
3,2016/11/23,北區                  ,基礎大樓                ,主迴路                 ,教學                  ,11049
4,2016/11/24,北區                  ,基礎大樓                ,主迴路                 ,教學                  ,10886
5,2016/11/25,北區                  ,基礎大樓                ,主迴路                 ,教學                  ,10808
6,2016/11/26,北區                  ,基礎大樓                ,主迴路                 ,教學                  ,10132
7,2016/11/27,北區                  ,基礎大樓                ,主迴路                 ,教學                  ,8001
1,2016/11/28,北區                  ,基礎大樓                ,主迴路                 ,教學                  ,9253
2,2016/11/29,北區                  ,基礎大樓                ,主迴路                 ,教學                  ,10275
3,2016/11/30,北區                  ,基礎大樓                ,主迴路                 ,教學                  ,10595.5
4,2016/12/1,北區                  ,基礎大樓                ,主迴路                 ,教學                  ,10217.5
5,2016/12/2,北區                  ,基礎大樓                ,主迴路                 ,教學                  ,9975
6,2016/12/3,北區                  ,基礎大樓                ,主迴路                 ,教學                  ,9442
7,2016/12/4,北區                  ,基礎大樓                ,主迴路                 ,教學                  ,9296
1,2016/12/5,北區                  ,基礎大樓                ,主迴路                 ,教學                  ,10269
2,2016/12/6,北區                  ,基礎大樓                ,主迴路                 ,教學                  ,10106
3,2016/12/7,北區                  ,基礎大樓                ,主迴路                 ,教學                  ,9990
4,2016/12/8,北區                  ,基礎大樓                ,主迴路                 ,教學                  ,10106
5,2016/12/9,北區                  ,基礎大樓                ,主迴路                 ,教學                  ,9811
6,2016/12/10,北區                  ,基礎大樓                ,主迴路                 ,教學                  ,9192
7,2016/12/11,北區                  ,基礎大樓                ,主迴路                 ,教學                  ,9028.5
1,2016/12/12,北區                  ,基礎大樓                ,主迴路                 ,教學                  ,10276
2,2016/12/13,北區                  ,基礎大樓                ,主迴路                 ,教學                  ,10443.5
3,2016/12/14,北區                  ,基礎大樓                ,主迴路                 ,教學                  ,10052
4,2016/12/15,北區                  ,基礎大樓                ,主迴路                 ,教學                  ,8541
5,2016/12/16,北區                  ,基礎大樓                ,主迴路                 ,教學                  ,8145
6,2016/12/17,北區                  ,基礎大樓                ,主迴路                 ,教學                  ,7095
7,2016/12/18,北區                  ,基礎大樓                ,主迴路                 ,教學                  ,6793.5
1,2016/12/19,北區                  ,基礎大樓                ,主迴路                 ,教學                  ,7898.5
2,2016/12/20,北區                  ,基礎大樓                ,主迴路                 ,教學                  ,8626
3,2016/12/21,北區                  ,基礎大樓                ,主迴路                 ,教學                  ,8331
4,2016/12/22,北區                  ,基礎大樓                ,主迴路                 ,教學                  ,8098
5,2016/12/23,北區                  ,基礎大樓                ,主迴路                 ,教學                  ,7632
6,2016/12/24,北區                  ,基礎大樓                ,主迴路                 ,教學                  ,6686
7,2016/12/25,北區                  ,基礎大樓                ,主迴路                 ,教學                  ,6863
1,2016/12/26,北區                  ,基礎大樓                ,主迴路                 ,教學                  ,7845
2,2016/12/27,北區                  ,基礎大樓                ,主迴路                 ,教學                  ,7984
3,2016/12/28,北區                  ,基礎大樓                ,主迴路                 ,教學                  ,7982.5
4,2016/12/29,北區                  ,基礎大樓                ,主迴路                 ,教學                  ,7964.5
5,2016/12/30,北區                  ,基礎大樓                ,主迴路                 ,教學                  ,7433
6,2016/12/31,北區                  ,基礎大樓                ,主迴路                 ,教學                  ,6618.5
7,2017/1/1,北區                  ,基礎大樓                ,主迴路                 ,教學                  ,6326.5
1,2017/1/2,北區                  ,基礎大樓                ,主迴路                 ,教學                  ,6663
2,2017/1/3,北區                  ,基礎大樓                ,主迴路                 ,教學                  ,7355
3,2017/1/4,北區                  ,基礎大樓                ,主迴路                 ,教學                  ,8593.5
4,2017/1/5,北區                  ,基礎大樓                ,主迴路                 ,教學                  ,10430.5
5,2017/1/6,北區                  ,基礎大樓                ,主迴路                 ,教學                  ,10001
6,2017/1/7,北區                  ,基礎大樓                ,主迴路                 ,教學                  ,9477
7,2017/1/8,北區                  ,基礎大樓                ,主迴路                 ,教學                  ,9649
1,2017/1/9,北區                  ,基礎大樓                ,主迴路                 ,教學                  ,9758
2,2017/1/10,北區                  ,基礎大樓                ,主迴路                 ,教學                  ,9343.5
3,2017/1/11,北區                  ,基礎大樓                ,主迴路                 ,教學                  ,10118.5
4,2017/1/12,北區                  ,基礎大樓                ,主迴路                 ,教學                  ,10468
5,2017/1/13,北區                  ,基礎大樓                ,主迴路                 ,教學                  ,8775.5
6,2017/1/14,北區                  ,基礎大樓                ,主迴路                 ,教學                  ,7373.5
7,2017/1/15,北區                  ,基礎大樓                ,主迴路                 ,教學                  ,7101
1,2017/1/16,北區                  ,基礎大樓                ,主迴路                 ,教學                  ,7527
2,2017/1/17,北區                  ,基礎大樓                ,主迴路                 ,教學                  ,7152
3,2017/1/18,北區                  ,基礎大樓                ,主迴路                 ,教學                  ,7245
4,2017/1/19,北區                  ,基礎大樓                ,主迴路                 ,教學                  ,7574
5,2017/1/20,北區                  ,基礎大樓                ,主迴路                 ,教學                  ,7720
6,2017/1/21,北區                  ,基礎大樓                ,主迴路                 ,教學                  ,6992
7,2017/1/22,北區                  ,基礎大樓                ,主迴路                 ,教學                  ,6780.5
1,2017/1/23,北區                  ,基礎大樓                ,主迴路                 ,教學                  ,7619.5
2,2017/1/24,北區                  ,基礎大樓                ,主迴路                 ,教學                  ,7080
3,2017/1/25,北區                  ,基礎大樓                ,主迴路                 ,教學                  ,5703.5
4,2017/1/26,北區                  ,基礎大樓                ,主迴路                 ,教學                  ,3762.5
5,2017/1/27,北區                  ,基礎大樓                ,主迴路                 ,教學                  ,3446
6,2017/1/28,北區                  ,基礎大樓                ,主迴路                 ,教學                  ,3481.5
7,2017/1/29,北區                  ,基礎大樓                ,主迴路                 ,教學                  ,3740.5
1,2017/1/30,北區                  ,基礎大樓                ,主迴路                 ,教學                  ,3594
2,2017/1/31,北區                  ,基礎大樓                ,主迴路                 ,教學                  ,3893
3,2017/2/1,北區                  ,基礎大樓                ,主迴路                 ,教學                  ,5246
4,2017/2/2,北區                  ,基礎大樓                ,主迴路                 ,教學                  ,5841
5,2017/2/3,北區                  ,基礎大樓                ,主迴路                 ,教學                  ,6115.5
6,2017/2/4,北區                  ,基礎大樓                ,主迴路                 ,教學                  ,5772.5
7,2017/2/5,北區                  ,基礎大樓                ,主迴路                 ,教學                  ,5982
1,2017/2/6,北區                  ,基礎大樓                ,主迴路                 ,教學                  ,6749.5
2,2017/2/7,北區                  ,基礎大樓                ,主迴路                 ,教學                  ,6908
3,2017/2/8,北區                  ,基礎大樓                ,主迴路                 ,教學                  ,7066.5
4,2017/2/9,北區                  ,基礎大樓                ,主迴路                 ,教學                  ,7566
5,2017/2/10,北區                  ,基礎大樓                ,主迴路                 ,教學                  ,7509
6,2017/2/11,北區                  ,基礎大樓                ,主迴路                 ,教學                  ,6857.5
7,2017/2/12,北區                  ,基礎大樓                ,主迴路                 ,教學                  ,6819.5
1,2017/2/13,北區                  ,基礎大樓                ,主迴路                 ,教學                  ,7178
2,2017/2/14,北區                  ,基礎大樓                ,主迴路                 ,教學                  ,7227.5
3,2017/2/15,北區                  ,基礎大樓                ,主迴路                 ,教學                  ,7285.5
4,2017/2/16,北區                  ,基礎大樓                ,主迴路                 ,教學                  ,7432
5,2017/2/17,北區                  ,基礎大樓                ,主迴路                 ,教學                  ,7463
6,2017/2/18,北區                  ,基礎大樓                ,主迴路                 ,教學                  ,7001
7,2017/2/19,北區                  ,基礎大樓                ,主迴路                 ,教學                  ,6865.5
1,2017/2/20,北區                  ,基礎大樓                ,主迴路                 ,教學                  ,7753.5
2,2017/2/21,北區                  ,基礎大樓                ,主迴路                 ,教學                  ,7815.5
3,2017/2/22,北區                  ,基礎大樓                ,主迴路                 ,教學                  ,7702.5
4,2017/2/23,北區                  ,基礎大樓                ,主迴路                 ,教學                  ,7775
5,2017/2/24,北區                  ,基礎大樓                ,主迴路                 ,教學                  ,7568.5
6,2017/2/25,北區                  ,基礎大樓                ,主迴路                 ,教學                  ,6793
7,2017/2/26,北區                  ,基礎大樓                ,主迴路                 ,教學                  ,6548
1,2017/2/27,北區                  ,基礎大樓                ,主迴路                 ,教學                  ,6383.5
2,2017/2/28,北區                  ,基礎大樓                ,主迴路                 ,教學                  ,6622.5
3,2017/3/1,北區                  ,基礎大樓                ,主迴路                 ,教學                  ,7163.5
4,2017/3/2,北區                  ,基礎大樓                ,主迴路                 ,教學                  ,7446
5,2017/3/3,北區                  ,基礎大樓                ,主迴路                 ,教學                  ,7333
6,2017/3/4,北區                  ,基礎大樓                ,主迴路                 ,教學                  ,6688
7,2017/3/5,北區                  ,基礎大樓                ,主迴路                 ,教學                  ,6700
1,2017/3/6,北區                  ,基礎大樓                ,主迴路                 ,教學                  ,7560
2,2017/3/7,北區                  ,基礎大樓                ,主迴路                 ,教學                  ,7887.5
3,2017/3/8,北區                  ,基礎大樓                ,主迴路                 ,教學                  ,7681
4,2017/3/9,北區                  ,基礎大樓                ,主迴路                 ,教學                  ,7567.5
5,2017/3/10,北區                  ,基礎大樓                ,主迴路                 ,教學                  ,7362.5
6,2017/3/11,北區                  ,基礎大樓                ,主迴路                 ,教學                  ,6646.5
7,2017/3/12,北區                  ,基礎大樓                ,主迴路                 ,教學                  ,6556
1,2017/3/13,北區                  ,基礎大樓                ,主迴路                 ,教學                  ,7422
2,2017/3/14,北區                  ,基礎大樓                ,主迴路                 ,教學                  ,7852
3,2017/3/15,北區                  ,基礎大樓                ,主迴路                 ,教學                  ,7401
4,2017/3/16,北區                  ,基礎大樓                ,主迴路                 ,教學                  ,7659
5,2017/3/17,北區                  ,基礎大樓                ,主迴路                 ,教學                  ,7385.5
6,2017/3/18,北區                  ,基礎大樓                ,主迴路                 ,教學                  ,6614.5
7,2017/3/19,北區                  ,基礎大樓                ,主迴路                 ,教學                  ,6635
1,2017/3/20,北區                  ,基礎大樓                ,主迴路                 ,教學                  ,8724
2,2017/3/21,北區                  ,基礎大樓                ,主迴路                 ,教學                  ,10443.5
3,2017/3/22,北區                  ,基礎大樓                ,主迴路                 ,教學                  ,9793
4,2017/3/23,北區                  ,基礎大樓                ,主迴路                 ,教學                  ,10247.5
5,2017/3/24,北區                  ,基礎大樓                ,主迴路                 ,教學                  ,10210
6,2017/3/25,北區                  ,基礎大樓                ,主迴路                 ,教學                  ,8806
7,2017/3/26,北區                  ,基礎大樓                ,主迴路                 ,教學                  ,8730
1,2017/3/27,北區                  ,基礎大樓                ,主迴路                 ,教學                  ,9987.5
2,2017/3/28,北區                  ,基礎大樓                ,主迴路                 ,教學                  ,9839
3,2017/3/29,北區                  ,基礎大樓                ,主迴路                 ,教學                  ,9436
4,2017/3/30,北區                  ,基礎大樓                ,主迴路                 ,教學                  ,10066
5,2017/3/31,北區                  ,基礎大樓                ,主迴路                 ,教學                  ,10074.5
6,2017/4/1,北區                  ,基礎大樓                ,主迴路                 ,教學                  ,7527.5
7,2017/4/2,北區                  ,基礎大樓                ,主迴路                 ,教學                  ,7468.5
1,2017/4/3,北區                  ,基礎大樓                ,主迴路                 ,教學                  ,7331
2,2017/4/4,北區                  ,基礎大樓                ,主迴路                 ,教學                  ,6871
3,2017/4/5,北區                  ,基礎大樓                ,主迴路                 ,教學                  ,7528
4,2017/4/6,北區                  ,基礎大樓                ,主迴路                 ,教學                  ,8127
5,2017/4/7,北區                  ,基礎大樓                ,主迴路                 ,教學                  ,8882
6,2017/4/8,北區                  ,基礎大樓                ,主迴路                 ,教學                  ,9722
7,2017/4/9,北區                  ,基礎大樓                ,主迴路                 ,教學                  ,9579
1,2017/4/10,北區                  ,基礎大樓                ,主迴路                 ,教學                  ,11118
2,2017/4/11,北區                  ,基礎大樓                ,主迴路                 ,教學                  ,10855.5
3,2017/4/12,北區                  ,基礎大樓                ,主迴路                 ,教學                  ,10397.5
4,2017/4/13,北區                  ,基礎大樓                ,主迴路                 ,教學                  ,10729
5,2017/4/14,北區                  ,基礎大樓                ,主迴路                 ,教學                  ,10734.5
6,2017/4/15,北區                  ,基礎大樓                ,主迴路                 ,教學                  ,10102.5
7,2017/4/16,北區                  ,基礎大樓                ,主迴路                 ,教學                  ,10036.5
1,2017/4/17,北區                  ,基礎大樓                ,主迴路                 ,教學                  ,11113
2,2017/4/18,北區                  ,基礎大樓                ,主迴路                 ,教學                  ,11388.5
3,2017/4/19,北區                  ,基礎大樓                ,主迴路                 ,教學                  ,11298
4,2017/4/20,北區                  ,基礎大樓                ,主迴路                 ,教學                  ,11438.5
5,2017/4/21,北區                  ,基礎大樓                ,主迴路                 ,教學                  ,11367.5
6,2017/4/22,北區                  ,基礎大樓                ,主迴路                 ,教學                  ,9392
7,2017/4/23,北區                  ,基礎大樓                ,主迴路                 ,教學                  ,9597.5
1,2017/4/24,北區                  ,基礎大樓                ,主迴路                 ,教學                  ,10487.5
2,2017/4/25,北區                  ,基礎大樓                ,主迴路                 ,教學                  ,10739.5
3,2017/4/26,北區                  ,基礎大樓                ,主迴路                 ,教學                  ,10764.5
4,2017/4/27,北區                  ,基礎大樓                ,主迴路                 ,教學                  ,10725
5,2017/4/28,北區                  ,基礎大樓                ,主迴路                 ,教學                  ,10600
6,2017/4/29,北區                  ,基礎大樓                ,主迴路                 ,教學                  ,9951
7,2017/4/30,北區                  ,基礎大樓                ,主迴路                 ,教學                  ,9888
1,2017/5/1,北區                  ,基礎大樓                ,主迴路                 ,教學                  ,11022.5
2,2017/5/2,北區                  ,基礎大樓                ,主迴路                 ,教學                  ,11297.5
3,2017/5/3,北區                  ,基礎大樓                ,主迴路                 ,教學                  ,11486
4,2017/5/4,北區                  ,基礎大樓                ,主迴路                 ,教學                  ,12015
5,2017/5/5,北區                  ,基礎大樓                ,主迴路                 ,教學                  ,11879
6,2017/5/6,北區                  ,基礎大樓                ,主迴路                 ,教學                  ,10518
7,2017/5/7,北區                  ,基礎大樓                ,主迴路                 ,教學                  ,10212.5
1,2017/5/8,北區                  ,基礎大樓                ,主迴路                 ,教學                  ,11499
2,2017/5/9,北區                  ,基礎大樓                ,主迴路                 ,教學                  ,11592.5
3,2017/5/10,北區                  ,基礎大樓                ,主迴路                 ,教學                  ,11974
4,2017/5/11,北區                  ,基礎大樓                ,主迴路                 ,教學                  ,12138
5,2017/5/12,北區                  ,基礎大樓                ,主迴路                 ,教學                  ,11403
6,2017/5/13,北區                  ,基礎大樓                ,主迴路                 ,教學                  ,9965
7,2017/5/14,北區                  ,基礎大樓                ,主迴路                 ,教學                  ,9803
1,2017/5/15,北區                  ,基礎大樓                ,主迴路                 ,教學                  ,11523
2,2017/5/16,北區                  ,基礎大樓                ,主迴路                 ,教學                  ,11499
3,2017/5/17,北區                  ,基礎大樓                ,主迴路                 ,教學                  ,11385.5
4,2017/5/18,北區                  ,基礎大樓                ,主迴路                 ,教學                  ,11730.5
5,2017/5/19,北區                  ,基礎大樓                ,主迴路                 ,教學                  ,11393
6,2017/5/20,北區                  ,基礎大樓                ,主迴路                 ,教學                  ,10079.5
7,2017/5/21,北區                  ,基礎大樓                ,主迴路                 ,教學                  ,10072.5
1,2017/5/22,北區                  ,基礎大樓                ,主迴路                 ,教學                  ,11230.5
2,2017/5/23,北區                  ,基礎大樓                ,主迴路                 ,教學                  ,11974.5
3,2017/5/24,北區                  ,基礎大樓                ,主迴路                 ,教學                  ,12078.5
4,2017/5/25,北區                  ,基礎大樓                ,主迴路                 ,教學                  ,11654
5,2017/5/26,北區                  ,基礎大樓                ,主迴路                 ,教學                  ,10899.5
6,2017/5/27,北區                  ,基礎大樓                ,主迴路                 ,教學                  ,10028
7,2017/5/28,北區                  ,基礎大樓                ,主迴路                 ,教學                  ,9769
1,2017/5/29,北區                  ,基礎大樓                ,主迴路                 ,教學                  ,9879
2,2017/5/30,北區                  ,基礎大樓                ,主迴路                 ,教學                  ,10200
3,2017/5/31,北區                  ,基礎大樓                ,主迴路                 ,教學                  ,11587
4,2017/6/1,北區                  ,基礎大樓                ,主迴路                 ,教學                  ,12519
5,2017/6/2,北區                  ,基礎大樓                ,主迴路                 ,教學                  ,11786
6,2017/6/3,北區                  ,基礎大樓                ,主迴路                 ,教學                  ,10552.5
7,2017/6/4,北區                  ,基礎大樓                ,主迴路                 ,教學                  ,10074.5
1,2017/6/5,北區                  ,基礎大樓                ,主迴路                 ,教學                  ,11098.5
2,2017/6/6,北區                  ,基礎大樓                ,主迴路                 ,教學                  ,11738.5
3,2017/6/7,北區                  ,基礎大樓                ,主迴路                 ,教學                  ,11814
4,2017/6/8,北區                  ,基礎大樓                ,主迴路                 ,教學                  ,12295
5,2017/6/9,北區                  ,基礎大樓                ,主迴路                 ,教學                  ,11281
6,2017/6/10,北區                  ,基礎大樓                ,主迴路                 ,教學                  ,10158
7,2017/6/11,北區                  ,基礎大樓                ,主迴路                 ,教學                  ,10299
1,2017/6/12,北區                  ,基礎大樓                ,主迴路                 ,教學                  ,11609
2,2017/6/13,北區                  ,基礎大樓                ,主迴路                 ,教學                  ,12112
3,2017/6/14,北區                  ,基礎大樓                ,主迴路                 ,教學                  ,11325
4,2017/6/15,北區                  ,基礎大樓                ,主迴路                 ,教學                  ,10870
5,2017/6/16,北區                  ,基礎大樓                ,主迴路                 ,教學                  ,10497
6,2017/6/17,北區                  ,基礎大樓                ,主迴路                 ,教學                  ,9495
7,2017/6/18,北區                  ,基礎大樓                ,主迴路                 ,教學                  ,9366
1,2017/6/19,北區                  ,基礎大樓                ,主迴路                 ,教學                  ,10444
2,2017/6/20,北區                  ,基礎大樓                ,主迴路                 ,教學                  ,11439
3,2017/6/21,北區                  ,基礎大樓                ,主迴路                 ,教學                  ,11734
4,2017/6/22,北區                  ,基礎大樓                ,主迴路                 ,教學                  ,11683
5,2017/6/23,北區                  ,基礎大樓                ,主迴路                 ,教學                  ,11226
6,2017/6/24,北區                  ,基礎大樓                ,主迴路                 ,教學                  ,10011
7,2017/6/25,北區                  ,基礎大樓                ,主迴路                 ,教學                  ,9879
1,2017/6/26,北區                  ,基礎大樓                ,主迴路                 ,教學                  ,11259
2,2017/6/27,北區                  ,基礎大樓                ,主迴路                 ,教學                  ,11186
3,2017/6/28,北區                  ,基礎大樓                ,主迴路                 ,教學                  ,11095
4,2017/6/29,北區                  ,基礎大樓                ,主迴路                 ,教學                  ,11435
5,2017/6/30,北區                  ,基礎大樓                ,主迴路                 ,教學                  ,11425
6,2017/7/1,北區                  ,基礎大樓                ,主迴路                 ,教學                  ,10658
7,2017/7/2,北區                  ,基礎大樓                ,主迴路                 ,教學                  ,10405
1,2017/7/3,北區                  ,基礎大樓                ,主迴路                 ,教學                  ,11684
2,2017/7/4,北區                  ,基礎大樓                ,主迴路                 ,教學                  ,11889
3,2017/7/5,北區                  ,基礎大樓                ,主迴路                 ,教學                  ,11541
4,2017/7/6,北區                  ,基礎大樓                ,主迴路                 ,教學                  ,11557
5,2017/7/7,北區                  ,基礎大樓                ,主迴路                 ,教學                  ,10735
6,2017/7/8,北區                  ,基礎大樓                ,主迴路                 ,教學                  ,8330
7,2017/7/9,北區                  ,基礎大樓                ,主迴路                 ,教學                  ,3507
1,2017/7/10,北區                  ,基礎大樓                ,主迴路                 ,教學                  ,8028
2,2017/7/11,北區                  ,基礎大樓                ,主迴路                 ,教學                  ,10160
3,2017/7/12,北區                  ,基礎大樓                ,主迴路                 ,教學                  ,7698
4,2017/7/13,北區                  ,基礎大樓                ,主迴路                 ,教學                  ,9773
5,2017/7/14,北區                  ,基礎大樓                ,主迴路                 ,教學                  ,9747
6,2017/7/15,北區                  ,基礎大樓                ,主迴路                 ,教學                  ,7536
7,2017/7/16,北區                  ,基礎大樓                ,主迴路                 ,教學                  ,4365
1,2017/7/17,北區                  ,基礎大樓                ,主迴路                 ,教學                  ,8798
2,2017/7/18,北區                  ,基礎大樓                ,主迴路                 ,教學                  ,10865
3,2017/7/19,北區                  ,基礎大樓                ,主迴路                 ,教學                  ,11007
4,2017/7/20,北區                  ,基礎大樓                ,主迴路                 ,教學                  ,10869
5,2017/7/21,北區                  ,基礎大樓                ,主迴路                 ,教學                  ,10983
6,2017/7/22,北區                  ,基礎大樓                ,主迴路                 ,教學                  ,9698
7,2017/7/23,北區                  ,基礎大樓                ,主迴路                 ,教學                  ,9592
1,2017/7/24,北區                  ,基礎大樓                ,主迴路                 ,教學                  ,11259
2,2017/7/25,北區                  ,基礎大樓                ,主迴路                 ,教學                  ,11785
3,2017/7/26,北區                  ,基礎大樓                ,主迴路                 ,教學                  ,11712
4,2017/7/27,北區                  ,基礎大樓                ,主迴路                 ,教學                  ,11619
5,2017/7/28,北區                  ,基礎大樓                ,主迴路                 ,教學                  ,11597
6,2017/7/29,北區                  ,基礎大樓                ,主迴路                 ,教學                  ,9517
7,2017/7/30,北區                  ,基礎大樓                ,主迴路                 ,教學                  ,9320
1,2017/7/31,北區                  ,基礎大樓                ,主迴路                 ,教學                  ,10617
2,2017/8/1,北區                  ,基礎大樓                ,主迴路                 ,教學                  ,11192
3,2017/8/2,北區                  ,基礎大樓                ,主迴路                 ,教學                  ,10896
4,2017/8/3,北區                  ,基礎大樓                ,主迴路                 ,教學                  ,10779
5,2017/8/4,北區                  ,基礎大樓                ,主迴路                 ,教學                  ,10689
6,2017/8/5,北區                  ,基礎大樓                ,主迴路                 ,教學                  ,9405
7,2017/8/6,北區                  ,基礎大樓                ,主迴路                 ,教學                  ,9078
1,2017/8/7,北區                  ,基礎大樓                ,主迴路                 ,教學                  ,10525
2,2017/8/8,北區                  ,基礎大樓                ,主迴路                 ,教學                  ,10753
3,2017/8/9,北區                  ,基礎大樓                ,主迴路                 ,教學                  ,11020
4,2017/8/10,北區                  ,基礎大樓                ,主迴路                 ,教學                  ,11148
5,2017/8/11,北區                  ,基礎大樓                ,主迴路                 ,教學                  ,10937
6,2017/8/12,北區                  ,基礎大樓                ,主迴路                 ,教學                  ,9689
7,2017/8/13,北區                  ,基礎大樓                ,主迴路                 ,教學                  ,9413
1,2017/8/14,北區                  ,基礎大樓                ,主迴路                 ,教學                  ,10744
2,2017/8/15,北區                  ,基礎大樓                ,主迴路                 ,教學                  ,10883
3,2017/8/16,北區                  ,基礎大樓                ,主迴路                 ,教學                  ,10598
4,2017/8/17,北區                  ,基礎大樓                ,主迴路                 ,教學                  ,10707
5,2017/8/18,北區                  ,基礎大樓                ,主迴路                 ,教學                  ,10723
6,2017/8/19,北區                  ,基礎大樓                ,主迴路                 ,教學                  ,9313
7,2017/8/20,北區                  ,基礎大樓                ,主迴路                 ,教學                  ,9158
1,2017/8/21,北區                  ,基礎大樓                ,主迴路                 ,教學                  ,10832
2,2017/8/22,北區                  ,基礎大樓                ,主迴路                 ,教學                  ,10977
3,2017/8/23,北區                  ,基礎大樓                ,主迴路                 ,教學                  ,10308
4,2017/8/24,北區                  ,基礎大樓                ,主迴路                 ,教學                  ,10353
5,2017/8/25,北區                  ,基礎大樓                ,主迴路                 ,教學                  ,10588
6,2017/8/26,北區                  ,基礎大樓                ,主迴路                 ,教學                  ,9123
7,2017/8/27,北區                  ,基礎大樓                ,主迴路                 ,教學                  ,9095
1,2017/8/28,北區                  ,基礎大樓                ,主迴路                 ,教學                  ,10799
2,2017/8/29,北區                  ,基礎大樓                ,主迴路                 ,教學                  ,10765
3,2017/8/30,北區                  ,基礎大樓                ,主迴路                 ,教學                  ,10921
4,2017/8/31,北區                  ,基礎大樓                ,主迴路                 ,教學                  ,10856
